Дата посещения,День недели,Время посещения,Тип устройства,Просмотренные страницы,Время на сайте (сек)
01-12-2024,вс,00:40,Мобильное,11,1436
01-12-2024,вс,00:55,Десктоп,18,992
01-12-2024,вс,01:03,Мобильное,24,4415
01-12-2024,вс,01:33,Мобильное,31,3265
01-12-2024,вс,01:44,Десктоп,8,280
01-12-2024,вс,01:50,Мобильное,21,3769
01-12-2024,вс,03:01,Мобильное,19,3001
01-12-2024,вс,03:04,Десктоп,17,1256
01-12-2024,вс,03:07,Десктоп,4,101
01-12-2024,вс,03:38,Мобильное,12,734
01-12-2024,вс,03:38,Десктоп,14,1057
01-12-2024,вс,03:42,Мобильное,7,360
01-12-2024,вс,03:45,Мобильное,15,858
01-12-2024,вс,04:52,Десктоп,15,1058
01-12-2024,вс,05:00,Мобильное,22,2578
01-12-2024,вс,05:25,Мобильное,25,1803
01-12-2024,вс,05:26,Мобильное,23,3084
01-12-2024,вс,06:26,Мобильное,13,1325
01-12-2024,вс,07:11,Мобильное,19,4213
01-12-2024,вс,07:20,Мобильное,26,1742
01-12-2024,вс,07:52,Мобильное,27,2380
01-12-2024,вс,08:06,Мобильное,14,906
01-12-2024,вс,08:14,Десктоп,9,408
01-12-2024,вс,08:22,Мобильное,19,2238
01-12-2024,вс,08:52,Мобильное,22,3165
01-12-2024,вс,09:26,Десктоп,14,955
01-12-2024,вс,09:28,Десктоп,1,506
01-12-2024,вс,09:48,Мобильное,14,1213
01-12-2024,вс,09:49,Десктоп,25,4520
01-12-2024,вс,10:22,Десктоп,20,2110
01-12-2024,вс,10:27,Десктоп,17,1100
01-12-2024,вс,10:40,Десктоп,21,3416
01-12-2024,вс,10:48,Мобильное,13,960
01-12-2024,вс,11:28,Десктоп,7,333
01-12-2024,вс,11:52,Мобильное,24,2737
01-12-2024,вс,12:17,Десктоп,24,4455
01-12-2024,вс,12:29,Десктоп,19,3201
01-12-2024,вс,12:49,Мобильное,11,1354
01-12-2024,вс,13:15,Мобильное,11,1054
01-12-2024,вс,13:49,Десктоп,23,4404
01-12-2024,вс,13:51,Мобильное,4,579
01-12-2024,вс,13:55,Десктоп,16,1214
01-12-2024,вс,13:57,Мобильное,4,140
01-12-2024,вс,14:30,Десктоп,18,1140
01-12-2024,вс,14:31,Десктоп,23,2345
01-12-2024,вс,15:10,Десктоп,17,1396
01-12-2024,вс,15:54,Мобильное,26,3042
01-12-2024,вс,16:17,Десктоп,17,1455
01-12-2024,вс,16:46,Десктоп,22,4180
01-12-2024,вс,16:51,Мобильное,21,4271
01-12-2024,вс,17:07,Десктоп,5,526
01-12-2024,вс,17:07,Мобильное,12,1101
01-12-2024,вс,17:11,Десктоп,24,3505
01-12-2024,вс,17:14,Мобильное,2,664
01-12-2024,вс,17:20,Мобильное,1,463
01-12-2024,вс,17:24,Мобильное,27,1704
01-12-2024,вс,17:46,Мобильное,27,2784
01-12-2024,вс,17:54,Десктоп,13,1393
01-12-2024,вс,18:11,Десктоп,19,1590
01-12-2024,вс,18:11,Мобильное,18,1308
01-12-2024,вс,18:22,Мобильное,16,1431
01-12-2024,вс,18:46,Мобильное,21,3027
01-12-2024,вс,18:55,Десктоп,13,1385
01-12-2024,вс,18:57,Мобильное,22,2275
01-12-2024,вс,18:59,Мобильное,16,846
01-12-2024,вс,19:17,Десктоп,13,1190
01-12-2024,вс,19:39,Мобильное,29,2428
01-12-2024,вс,21:09,Мобильное,25,3550
01-12-2024,вс,21:14,Десктоп,18,1254
01-12-2024,вс,21:20,Десктоп,1,176
01-12-2024,вс,21:24,Мобильное,16,933
01-12-2024,вс,21:50,Мобильное,21,1919
01-12-2024,вс,21:59,Мобильное,1,324
01-12-2024,вс,22:07,Мобильное,26,2353
01-12-2024,вс,22:15,Мобильное,11,732
01-12-2024,вс,23:13,Десктоп,1,518
01-12-2024,вс,23:30,Десктоп,20,4515
01-12-2024,вс,23:47,Мобильное,30,3372
01-12-2024,вс,23:53,Мобильное,27,2052
02-12-2024,пн,00:06,Мобильное,30,2758
02-12-2024,пн,00:59,Мобильное,14,1258
02-12-2024,пн,01:00,Мобильное,1,569
02-12-2024,пн,01:12,Мобильное,18,1246
02-12-2024,пн,01:58,Десктоп,18,1322
02-12-2024,пн,02:20,Десктоп,1,348
02-12-2024,пн,02:42,Десктоп,18,898
02-12-2024,пн,03:09,Десктоп,19,1794
02-12-2024,пн,04:10,Десктоп,25,1812
02-12-2024,пн,04:11,Мобильное,7,392
02-12-2024,пн,04:17,Мобильное,31,2252
02-12-2024,пн,05:20,Мобильное,13,1442
02-12-2024,пн,05:34,Мобильное,19,2109
02-12-2024,пн,05:34,Мобильное,1,333
02-12-2024,пн,05:56,Десктоп,1,266
02-12-2024,пн,06:11,Десктоп,16,764
02-12-2024,пн,06:19,Мобильное,17,1207
02-12-2024,пн,06:27,Мобильное,29,3140
02-12-2024,пн,07:06,Десктоп,13,1452
02-12-2024,пн,07:39,Десктоп,1,412
02-12-2024,пн,07:47,Десктоп,17,807
02-12-2024,пн,08:18,Десктоп,21,3105
02-12-2024,пн,08:57,Десктоп,14,1328
02-12-2024,пн,09:05,Десктоп,23,2732
02-12-2024,пн,09:25,Мобильное,3,356
02-12-2024,пн,09:32,Мобильное,1,595
02-12-2024,пн,10:11,Мобильное,12,858
02-12-2024,пн,10:13,Десктоп,22,3958
02-12-2024,пн,12:05,Десктоп,13,1323
02-12-2024,пн,12:26,Мобильное,12,1409
02-12-2024,пн,12:31,Десктоп,11,1233
02-12-2024,пн,12:40,Мобильное,23,2390
02-12-2024,пн,13:11,Десктоп,16,1277
02-12-2024,пн,13:33,Десктоп,2,554
02-12-2024,пн,14:49,Десктоп,24,3769
02-12-2024,пн,14:51,Мобильное,29,3568
02-12-2024,пн,14:55,Мобильное,6,268
02-12-2024,пн,14:55,Десктоп,25,2785
02-12-2024,пн,15:18,Мобильное,23,3810
02-12-2024,пн,15:38,Мобильное,22,2748
02-12-2024,пн,16:09,Мобильное,24,4909
02-12-2024,пн,16:13,Мобильное,14,1488
02-12-2024,пн,16:37,Мобильное,25,2053
02-12-2024,пн,16:42,Мобильное,1,521
02-12-2024,пн,16:48,Десктоп,16,1125
02-12-2024,пн,17:14,Мобильное,27,4181
02-12-2024,пн,17:31,Мобильное,1,192
02-12-2024,пн,17:43,Мобильное,6,436
02-12-2024,пн,17:56,Мобильное,11,880
02-12-2024,пн,18:12,Мобильное,22,2772
02-12-2024,пн,18:58,Десктоп,14,1227
02-12-2024,пн,19:32,Мобильное,17,1009
02-12-2024,пн,20:07,Мобильное,1,126
02-12-2024,пн,20:26,Мобильное,26,4957
02-12-2024,пн,20:44,Десктоп,2,111
02-12-2024,пн,20:58,Мобильное,16,1041
02-12-2024,пн,22:05,Мобильное,21,4905
02-12-2024,пн,22:06,Десктоп,17,908
02-12-2024,пн,23:06,Десктоп,1,548
02-12-2024,пн,23:13,Мобильное,22,1985
02-12-2024,пн,23:45,Десктоп,24,1588
03-12-2024,вт,00:25,Десктоп,16,1096
03-12-2024,вт,01:00,Мобильное,31,4717
03-12-2024,вт,01:44,Десктоп,15,1040
03-12-2024,вт,01:57,Десктоп,23,4883
03-12-2024,вт,02:04,Мобильное,17,1266
03-12-2024,вт,03:52,Десктоп,23,2779
03-12-2024,вт,04:02,Мобильное,31,4487
03-12-2024,вт,04:05,Мобильное,14,1451
03-12-2024,вт,04:16,Мобильное,30,3113
03-12-2024,вт,04:31,Мобильное,28,2808
03-12-2024,вт,04:36,Десктоп,25,2867
03-12-2024,вт,04:53,Десктоп,20,4805
03-12-2024,вт,05:24,Десктоп,14,866
03-12-2024,вт,05:40,Мобильное,29,4465
03-12-2024,вт,05:56,Мобильное,12,1282
03-12-2024,вт,06:25,Десктоп,14,1267
03-12-2024,вт,06:32,Мобильное,25,2313
03-12-2024,вт,06:41,Мобильное,15,1031
03-12-2024,вт,07:02,Мобильное,13,964
03-12-2024,вт,07:10,Десктоп,18,1481
03-12-2024,вт,07:22,Мобильное,22,2688
03-12-2024,вт,07:26,Мобильное,29,4776
03-12-2024,вт,08:31,Мобильное,13,787
03-12-2024,вт,09:13,Десктоп,20,3673
03-12-2024,вт,10:12,Мобильное,22,3374
03-12-2024,вт,10:26,Десктоп,14,1061
03-12-2024,вт,11:09,Десктоп,14,820
03-12-2024,вт,11:10,Десктоп,14,1464
03-12-2024,вт,11:29,Десктоп,25,2645
03-12-2024,вт,12:02,Мобильное,14,1375
03-12-2024,вт,12:48,Десктоп,17,828
03-12-2024,вт,12:52,Мобильное,27,3880
03-12-2024,вт,14:32,Десктоп,21,3789
03-12-2024,вт,14:33,Мобильное,17,1210
03-12-2024,вт,14:53,Десктоп,17,1169
03-12-2024,вт,14:53,Десктоп,22,1785
03-12-2024,вт,15:05,Мобильное,26,1561
03-12-2024,вт,15:09,Десктоп,23,2628
03-12-2024,вт,15:30,Мобильное,22,1877
03-12-2024,вт,15:49,Мобильное,25,3607
03-12-2024,вт,16:06,Мобильное,29,4812
03-12-2024,вт,16:53,Мобильное,31,4816
03-12-2024,вт,17:02,Мобильное,29,2606
03-12-2024,вт,17:33,Мобильное,26,3242
03-12-2024,вт,18:27,Десктоп,21,2603
03-12-2024,вт,19:33,Десктоп,18,982
03-12-2024,вт,19:37,Мобильное,13,774
03-12-2024,вт,19:51,Десктоп,14,936
03-12-2024,вт,20:03,Десктоп,16,1293
03-12-2024,вт,21:05,Десктоп,18,1330
03-12-2024,вт,21:27,Мобильное,20,2053
03-12-2024,вт,21:34,Мобильное,26,2484
03-12-2024,вт,22:43,Мобильное,22,3903
03-12-2024,вт,23:44,Мобильное,29,3622
03-12-2024,вт,23:53,Мобильное,23,1581
04-12-2024,ср,00:11,Мобильное,23,4842
04-12-2024,ср,00:40,Мобильное,18,978
04-12-2024,ср,01:04,Мобильное,21,3507
04-12-2024,ср,02:02,Мобильное,18,1257
04-12-2024,ср,02:14,Мобильное,18,1426
04-12-2024,ср,02:16,Мобильное,17,1033
04-12-2024,ср,02:16,Мобильное,15,1028
04-12-2024,ср,02:50,Мобильное,11,1454
04-12-2024,ср,02:52,Мобильное,15,744
04-12-2024,ср,03:40,Десктоп,22,4153
04-12-2024,ср,03:41,Десктоп,13,1256
04-12-2024,ср,04:01,Десктоп,18,1116
04-12-2024,ср,04:08,Десктоп,1,332
04-12-2024,ср,04:13,Мобильное,15,1085
04-12-2024,ср,04:21,Десктоп,21,2114
04-12-2024,ср,05:15,Мобильное,25,1644
04-12-2024,ср,05:55,Мобильное,28,4742
04-12-2024,ср,06:00,Мобильное,14,809
04-12-2024,ср,06:09,Десктоп,16,1033
04-12-2024,ср,06:10,Десктоп,21,4370
04-12-2024,ср,06:23,Мобильное,12,829
04-12-2024,ср,07:01,Десктоп,14,907
04-12-2024,ср,07:06,Десктоп,19,1681
04-12-2024,ср,07:24,Мобильное,12,1450
04-12-2024,ср,07:51,Десктоп,21,3672
04-12-2024,ср,07:55,Мобильное,2,34
04-12-2024,ср,08:00,Мобильное,31,2150
04-12-2024,ср,08:01,Десктоп,1,552
04-12-2024,ср,08:53,Мобильное,14,1266
04-12-2024,ср,09:21,Мобильное,11,1414
04-12-2024,ср,09:30,Мобильное,20,2848
04-12-2024,ср,09:33,Мобильное,18,869
04-12-2024,ср,09:56,Мобильное,1,69
04-12-2024,ср,10:05,Мобильное,30,3083
04-12-2024,ср,11:19,Десктоп,6,514
04-12-2024,ср,11:33,Десктоп,11,994
04-12-2024,ср,11:36,Мобильное,5,502
04-12-2024,ср,11:53,Мобильное,17,1269
04-12-2024,ср,12:16,Мобильное,15,1459
04-12-2024,ср,12:45,Десктоп,17,929
04-12-2024,ср,12:51,Мобильное,21,1623
04-12-2024,ср,13:06,Мобильное,20,4750
04-12-2024,ср,13:13,Мобильное,11,1190
04-12-2024,ср,13:25,Мобильное,19,2140
04-12-2024,ср,13:38,Мобильное,31,4140
04-12-2024,ср,13:40,Мобильное,25,4514
04-12-2024,ср,14:22,Десктоп,6,31
04-12-2024,ср,14:28,Десктоп,25,4451
04-12-2024,ср,14:37,Мобильное,19,3948
04-12-2024,ср,14:39,Мобильное,13,1226
04-12-2024,ср,14:46,Мобильное,18,1188
04-12-2024,ср,14:48,Мобильное,14,1093
04-12-2024,ср,15:48,Десктоп,14,1126
04-12-2024,ср,15:51,Десктоп,13,1360
04-12-2024,ср,16:10,Мобильное,21,2945
04-12-2024,ср,16:21,Мобильное,30,1801
04-12-2024,ср,16:40,Десктоп,21,3557
04-12-2024,ср,17:03,Мобильное,19,1605
04-12-2024,ср,17:48,Десктоп,23,3588
04-12-2024,ср,17:55,Мобильное,1,285
04-12-2024,ср,18:03,Мобильное,24,1568
04-12-2024,ср,18:27,Десктоп,24,4404
04-12-2024,ср,19:36,Мобильное,25,4660
04-12-2024,ср,19:37,Десктоп,13,798
04-12-2024,ср,20:40,Десктоп,25,3776
04-12-2024,ср,20:58,Мобильное,18,1494
04-12-2024,ср,21:26,Десктоп,23,4200
04-12-2024,ср,21:50,Мобильное,1,114
04-12-2024,ср,22:06,Мобильное,29,1971
04-12-2024,ср,22:14,Мобильное,13,788
04-12-2024,ср,22:51,Десктоп,23,4510
04-12-2024,ср,23:11,Десктоп,19,4082
04-12-2024,ср,23:11,Десктоп,20,4722
04-12-2024,ср,23:39,Мобильное,25,3905
05-12-2024,чт,00:34,Мобильное,21,3355
05-12-2024,чт,01:31,Мобильное,16,938
05-12-2024,чт,02:38,Мобильное,29,4606
05-12-2024,чт,02:47,Мобильное,10,125
05-12-2024,чт,02:54,Мобильное,13,846
05-12-2024,чт,02:58,Мобильное,30,1576
05-12-2024,чт,03:27,Десктоп,14,732
05-12-2024,чт,04:07,Мобильное,21,3821
05-12-2024,чт,04:23,Мобильное,15,1000
05-12-2024,чт,04:35,Мобильное,25,4487
05-12-2024,чт,05:11,Десктоп,14,1257
05-12-2024,чт,05:52,Десктоп,17,1368
05-12-2024,чт,06:11,Мобильное,22,4101
05-12-2024,чт,06:30,Мобильное,23,2235
05-12-2024,чт,06:45,Десктоп,16,906
05-12-2024,чт,07:10,Мобильное,15,1273
05-12-2024,чт,07:12,Десктоп,18,1286
05-12-2024,чт,07:17,Десктоп,9,431
05-12-2024,чт,07:22,Мобильное,14,865
05-12-2024,чт,07:31,Мобильное,23,3476
05-12-2024,чт,07:58,Мобильное,31,4418
05-12-2024,чт,08:03,Мобильное,17,1333
05-12-2024,чт,08:21,Мобильное,17,921
05-12-2024,чт,08:23,Десктоп,16,1259
05-12-2024,чт,08:29,Десктоп,18,1025
05-12-2024,чт,08:38,Мобильное,13,1087
05-12-2024,чт,08:45,Мобильное,17,1376
05-12-2024,чт,09:14,Мобильное,28,4798
05-12-2024,чт,10:06,Десктоп,19,2550
05-12-2024,чт,10:09,Мобильное,16,975
05-12-2024,чт,10:19,Десктоп,24,2486
05-12-2024,чт,10:32,Десктоп,23,2313
05-12-2024,чт,10:42,Десктоп,13,1089
05-12-2024,чт,11:09,Мобильное,21,1749
05-12-2024,чт,11:12,Мобильное,28,4011
05-12-2024,чт,11:53,Мобильное,29,3958
05-12-2024,чт,12:46,Мобильное,14,864
05-12-2024,чт,13:00,Мобильное,26,2139
05-12-2024,чт,13:10,Мобильное,13,1132
05-12-2024,чт,13:47,Мобильное,28,3883
05-12-2024,чт,13:57,Десктоп,23,2065
05-12-2024,чт,14:01,Мобильное,16,894
05-12-2024,чт,14:15,Мобильное,30,3597
05-12-2024,чт,15:53,Мобильное,15,1394
05-12-2024,чт,15:59,Мобильное,20,2590
05-12-2024,чт,16:17,Десктоп,14,1366
05-12-2024,чт,16:25,Десктоп,20,2968
05-12-2024,чт,16:58,Мобильное,25,4353
05-12-2024,чт,17:13,Мобильное,25,1659
05-12-2024,чт,17:22,Десктоп,13,1188
05-12-2024,чт,17:39,Десктоп,17,870
05-12-2024,чт,17:41,Десктоп,16,854
05-12-2024,чт,18:27,Десктоп,17,731
05-12-2024,чт,18:59,Десктоп,23,4107
05-12-2024,чт,19:11,Мобильное,23,1641
05-12-2024,чт,20:28,Мобильное,28,1921
05-12-2024,чт,21:13,Мобильное,19,2681
05-12-2024,чт,21:47,Десктоп,24,3655
05-12-2024,чт,22:22,Мобильное,16,976
06-12-2024,пт,00:02,Десктоп,15,1057
06-12-2024,пт,00:10,Десктоп,1,436
06-12-2024,пт,00:21,Мобильное,4,169
06-12-2024,пт,00:46,Десктоп,20,4623
06-12-2024,пт,01:02,Мобильное,23,3945
06-12-2024,пт,01:14,Десктоп,17,1219
06-12-2024,пт,01:15,Мобильное,8,491
06-12-2024,пт,01:19,Мобильное,6,351
06-12-2024,пт,01:30,Мобильное,18,1023
06-12-2024,пт,02:00,Десктоп,22,2717
06-12-2024,пт,02:21,Мобильное,18,956
06-12-2024,пт,03:10,Мобильное,23,3883
06-12-2024,пт,03:18,Мобильное,16,1098
06-12-2024,пт,04:46,Мобильное,11,1345
06-12-2024,пт,05:36,Десктоп,22,4799
06-12-2024,пт,05:43,Десктоп,18,1379
06-12-2024,пт,06:04,Мобильное,14,909
06-12-2024,пт,06:12,Мобильное,24,2465
06-12-2024,пт,06:43,Мобильное,1,738
06-12-2024,пт,06:51,Мобильное,1,162
06-12-2024,пт,06:53,Десктоп,14,1047
06-12-2024,пт,07:11,Мобильное,1,48
06-12-2024,пт,07:21,Мобильное,29,3905
06-12-2024,пт,07:29,Мобильное,27,2586
06-12-2024,пт,07:50,Десктоп,1,143
06-12-2024,пт,08:00,Десктоп,17,992
06-12-2024,пт,08:02,Десктоп,1,224
06-12-2024,пт,08:15,Десктоп,24,3042
06-12-2024,пт,09:05,Мобильное,18,1449
06-12-2024,пт,09:50,Десктоп,23,4190
06-12-2024,пт,10:09,Мобильное,21,4240
06-12-2024,пт,10:17,Мобильное,23,1716
06-12-2024,пт,11:09,Мобильное,24,2456
06-12-2024,пт,11:59,Десктоп,14,1323
06-12-2024,пт,13:08,Десктоп,18,1256
06-12-2024,пт,13:33,Мобильное,30,1950
06-12-2024,пт,13:52,Десктоп,13,1010
06-12-2024,пт,14:18,Мобильное,19,3538
06-12-2024,пт,14:19,Десктоп,9,714
06-12-2024,пт,14:33,Мобильное,27,4169
06-12-2024,пт,15:45,Десктоп,13,741
06-12-2024,пт,15:57,Десктоп,6,511
06-12-2024,пт,16:48,Мобильное,1,530
06-12-2024,пт,16:56,Десктоп,9,199
06-12-2024,пт,17:00,Мобильное,10,691
06-12-2024,пт,18:19,Мобильное,21,2108
06-12-2024,пт,19:00,Десктоп,22,4272
06-12-2024,пт,19:07,Мобильное,10,689
06-12-2024,пт,20:41,Мобильное,23,2047
06-12-2024,пт,21:40,Десктоп,1,535
06-12-2024,пт,21:43,Мобильное,6,254
06-12-2024,пт,21:59,Мобильное,4,646
06-12-2024,пт,22:08,Мобильное,20,2648
06-12-2024,пт,22:10,Мобильное,11,799
06-12-2024,пт,22:20,Десктоп,17,1190
06-12-2024,пт,22:25,Мобильное,1,155
06-12-2024,пт,22:31,Мобильное,9,315
06-12-2024,пт,22:59,Десктоп,14,1100
06-12-2024,пт,23:26,Мобильное,3,414
06-12-2024,пт,23:43,Мобильное,19,2194
06-12-2024,пт,23:46,Мобильное,25,2131
07-12-2024,сб,00:14,Мобильное,24,4715
07-12-2024,сб,00:30,Мобильное,20,3757
07-12-2024,сб,00:45,Мобильное,1,720
07-12-2024,сб,01:42,Десктоп,13,801
07-12-2024,сб,02:41,Мобильное,24,4374
07-12-2024,сб,02:49,Мобильное,6,43
07-12-2024,сб,04:00,Мобильное,14,1237
07-12-2024,сб,04:55,Десктоп,22,4844
07-12-2024,сб,04:56,Десктоп,22,1929
07-12-2024,сб,05:12,Десктоп,17,1165
07-12-2024,сб,05:12,Десктоп,13,1494
07-12-2024,сб,05:24,Мобильное,20,4485
07-12-2024,сб,05:43,Мобильное,31,3957
07-12-2024,сб,06:32,Десктоп,25,4816
07-12-2024,сб,08:03,Мобильное,25,2014
07-12-2024,сб,08:05,Мобильное,19,2740
07-12-2024,сб,08:13,Десктоп,13,776
07-12-2024,сб,08:48,Мобильное,22,4972
07-12-2024,сб,08:53,Мобильное,21,4941
07-12-2024,сб,08:57,Десктоп,19,2878
07-12-2024,сб,09:13,Мобильное,31,4422
07-12-2024,сб,09:50,Десктоп,22,2540
07-12-2024,сб,10:02,Мобильное,12,1215
07-12-2024,сб,10:11,Мобильное,13,790
07-12-2024,сб,11:09,Десктоп,23,3780
07-12-2024,сб,11:19,Десктоп,17,1079
07-12-2024,сб,11:28,Мобильное,16,1164
07-12-2024,сб,12:49,Десктоп,20,2631
07-12-2024,сб,13:05,Мобильное,25,3663
07-12-2024,сб,13:06,Мобильное,18,1279
07-12-2024,сб,13:39,Десктоп,1,432
07-12-2024,сб,13:44,Десктоп,1,485
07-12-2024,сб,16:00,Мобильное,28,3135
07-12-2024,сб,16:00,Десктоп,1,432
07-12-2024,сб,16:11,Мобильное,30,4261
07-12-2024,сб,16:30,Десктоп,24,3972
07-12-2024,сб,17:03,Десктоп,23,2605
07-12-2024,сб,17:42,Мобильное,11,1299
07-12-2024,сб,18:03,Десктоп,13,781
07-12-2024,сб,18:19,Мобильное,13,766
07-12-2024,сб,18:43,Десктоп,21,3342
07-12-2024,сб,19:07,Мобильное,1,56
07-12-2024,сб,19:11,Мобильное,30,1919
07-12-2024,сб,19:13,Мобильное,7,238
07-12-2024,сб,19:18,Мобильное,14,1448
07-12-2024,сб,19:32,Мобильное,21,3181
07-12-2024,сб,20:08,Мобильное,13,1373
07-12-2024,сб,20:40,Мобильное,21,1904
07-12-2024,сб,21:04,Мобильное,12,1071
07-12-2024,сб,21:31,Мобильное,30,4819
07-12-2024,сб,22:00,Мобильное,1,286
07-12-2024,сб,22:49,Десктоп,20,3659
07-12-2024,сб,22:52,Десктоп,18,1092
07-12-2024,сб,22:53,Мобильное,28,3152
07-12-2024,сб,23:09,Мобильное,1,241
07-12-2024,сб,23:50,Десктоп,14,936
07-12-2024,сб,23:56,Мобильное,31,3031
08-12-2024,вс,00:05,Десктоп,23,4941
08-12-2024,вс,00:10,Мобильное,28,4240
08-12-2024,вс,00:52,Десктоп,22,2396
08-12-2024,вс,00:55,Десктоп,24,3951
08-12-2024,вс,01:03,Мобильное,14,745
08-12-2024,вс,01:22,Мобильное,20,3656
08-12-2024,вс,01:36,Десктоп,18,1208
08-12-2024,вс,02:17,Десктоп,13,1098
08-12-2024,вс,02:25,Мобильное,19,1604
08-12-2024,вс,02:46,Мобильное,14,1047
08-12-2024,вс,02:52,Десктоп,18,1141
08-12-2024,вс,03:24,Десктоп,20,3477
08-12-2024,вс,03:27,Мобильное,27,2760
08-12-2024,вс,03:45,Десктоп,13,1246
08-12-2024,вс,04:09,Десктоп,22,4111
08-12-2024,вс,04:59,Десктоп,18,1152
08-12-2024,вс,06:03,Мобильное,16,905
08-12-2024,вс,06:31,Десктоп,22,1862
08-12-2024,вс,06:34,Десктоп,1,313
08-12-2024,вс,06:34,Десктоп,25,3469
08-12-2024,вс,06:58,Десктоп,16,1153
08-12-2024,вс,07:14,Мобильное,31,1925
08-12-2024,вс,08:33,Десктоп,17,1423
08-12-2024,вс,08:58,Мобильное,12,882
08-12-2024,вс,09:05,Мобильное,26,4505
08-12-2024,вс,10:29,Десктоп,23,2820
08-12-2024,вс,10:36,Мобильное,14,747
08-12-2024,вс,11:06,Десктоп,23,4394
08-12-2024,вс,11:40,Мобильное,30,4977
08-12-2024,вс,11:57,Мобильное,31,3437
08-12-2024,вс,12:03,Мобильное,11,1314
08-12-2024,вс,12:54,Мобильное,10,488
08-12-2024,вс,13:24,Мобильное,29,2972
08-12-2024,вс,13:33,Мобильное,31,2777
08-12-2024,вс,13:43,Десктоп,5,162
08-12-2024,вс,14:14,Мобильное,24,2374
08-12-2024,вс,14:57,Мобильное,16,1219
08-12-2024,вс,15:52,Мобильное,22,2172
08-12-2024,вс,16:09,Мобильное,23,1696
08-12-2024,вс,16:09,Мобильное,14,888
08-12-2024,вс,16:45,Десктоп,4,104
08-12-2024,вс,16:57,Мобильное,22,4227
08-12-2024,вс,17:23,Десктоп,19,1810
08-12-2024,вс,17:32,Мобильное,11,987
08-12-2024,вс,17:51,Мобильное,28,3239
08-12-2024,вс,17:58,Мобильное,27,2256
08-12-2024,вс,18:24,Десктоп,18,779
08-12-2024,вс,18:26,Мобильное,24,3400
08-12-2024,вс,18:40,Мобильное,14,1421
08-12-2024,вс,19:48,Мобильное,29,3355
08-12-2024,вс,19:51,Десктоп,25,4217
08-12-2024,вс,20:14,Мобильное,23,4297
08-12-2024,вс,20:19,Десктоп,1,349
08-12-2024,вс,20:45,Мобильное,6,151
08-12-2024,вс,20:47,Десктоп,23,1874
08-12-2024,вс,20:53,Мобильное,29,2177
08-12-2024,вс,21:26,Мобильное,17,951
08-12-2024,вс,22:18,Мобильное,26,3771
08-12-2024,вс,23:21,Мобильное,16,1058
08-12-2024,вс,23:52,Десктоп,25,1655
09-12-2024,пн,00:34,Мобильное,26,4316
09-12-2024,пн,01:24,Десктоп,12,981
09-12-2024,пн,01:34,Десктоп,4,289
09-12-2024,пн,01:43,Мобильное,22,4960
09-12-2024,пн,02:13,Мобильное,25,3909
09-12-2024,пн,02:25,Мобильное,2,80
09-12-2024,пн,03:42,Десктоп,20,4251
09-12-2024,пн,03:46,Десктоп,19,3602
09-12-2024,пн,04:22,Мобильное,1,369
09-12-2024,пн,04:33,Мобильное,9,71
09-12-2024,пн,04:53,Мобильное,23,3367
09-12-2024,пн,05:52,Мобильное,22,4649
09-12-2024,пн,07:47,Мобильное,16,1091
09-12-2024,пн,08:05,Мобильное,27,4247
09-12-2024,пн,08:08,Мобильное,25,2445
09-12-2024,пн,08:58,Десктоп,18,828
09-12-2024,пн,09:13,Мобильное,25,2530
09-12-2024,пн,09:14,Десктоп,17,1204
09-12-2024,пн,09:15,Мобильное,4,304
09-12-2024,пн,10:22,Десктоп,14,905
09-12-2024,пн,11:23,Десктоп,1,100
09-12-2024,пн,11:31,Мобильное,1,445
09-12-2024,пн,11:43,Мобильное,4,629
09-12-2024,пн,12:02,Десктоп,6,639
09-12-2024,пн,12:34,Десктоп,19,3741
09-12-2024,пн,12:39,Мобильное,6,297
09-12-2024,пн,13:11,Мобильное,4,467
09-12-2024,пн,13:26,Мобильное,1,92
09-12-2024,пн,13:38,Десктоп,23,4837
09-12-2024,пн,13:57,Мобильное,17,920
09-12-2024,пн,14:05,Десктоп,7,32
09-12-2024,пн,14:05,Мобильное,13,969
09-12-2024,пн,14:39,Мобильное,1,530
09-12-2024,пн,14:51,Мобильное,1,586
09-12-2024,пн,14:59,Мобильное,1,155
09-12-2024,пн,15:39,Мобильное,5,221
09-12-2024,пн,15:49,Мобильное,2,391
09-12-2024,пн,15:49,Мобильное,9,316
09-12-2024,пн,16:15,Мобильное,7,652
09-12-2024,пн,17:13,Десктоп,4,578
09-12-2024,пн,17:22,Мобильное,13,1325
09-12-2024,пн,17:28,Мобильное,26,1557
09-12-2024,пн,17:36,Десктоп,18,1309
09-12-2024,пн,17:39,Мобильное,1,574
09-12-2024,пн,18:01,Мобильное,29,3285
09-12-2024,пн,18:11,Мобильное,8,556
09-12-2024,пн,18:14,Десктоп,1,64
09-12-2024,пн,18:22,Десктоп,23,2797
09-12-2024,пн,18:30,Мобильное,18,1147
09-12-2024,пн,18:35,Мобильное,24,4411
09-12-2024,пн,18:46,Мобильное,13,1401
09-12-2024,пн,18:52,Мобильное,1,462
09-12-2024,пн,19:20,Мобильное,18,1316
09-12-2024,пн,20:02,Десктоп,14,1312
09-12-2024,пн,21:21,Мобильное,1,706
09-12-2024,пн,22:05,Десктоп,18,885
09-12-2024,пн,22:17,Мобильное,27,1786
09-12-2024,пн,23:23,Мобильное,16,1452
09-12-2024,пн,23:25,Мобильное,1,177
09-12-2024,пн,23:52,Мобильное,31,3522
10-12-2024,вт,00:11,Мобильное,20,4959
10-12-2024,вт,00:16,Мобильное,27,3734
10-12-2024,вт,00:39,Мобильное,18,877
10-12-2024,вт,00:42,Мобильное,24,3364
10-12-2024,вт,01:57,Десктоп,22,4664
10-12-2024,вт,02:02,Десктоп,21,3492
10-12-2024,вт,02:39,Мобильное,18,1451
10-12-2024,вт,02:40,Мобильное,22,2429
10-12-2024,вт,03:57,Мобильное,30,3846
10-12-2024,вт,04:03,Мобильное,31,4144
10-12-2024,вт,05:29,Мобильное,23,2490
10-12-2024,вт,05:39,Десктоп,25,2397
10-12-2024,вт,06:23,Десктоп,21,1661
10-12-2024,вт,07:10,Мобильное,18,1077
10-12-2024,вт,07:35,Мобильное,25,4276
10-12-2024,вт,08:16,Мобильное,17,1044
10-12-2024,вт,08:41,Мобильное,13,1145
10-12-2024,вт,08:42,Мобильное,30,2540
10-12-2024,вт,08:48,Мобильное,25,4417
10-12-2024,вт,08:50,Мобильное,28,4404
10-12-2024,вт,08:51,Мобильное,24,3892
10-12-2024,вт,08:57,Десктоп,21,4442
10-12-2024,вт,09:07,Десктоп,15,874
10-12-2024,вт,10:38,Десктоп,19,4854
10-12-2024,вт,10:49,Мобильное,25,5000
10-12-2024,вт,11:24,Мобильное,18,1142
10-12-2024,вт,11:48,Десктоп,15,946
10-12-2024,вт,12:11,Десктоп,13,1280
10-12-2024,вт,12:30,Мобильное,21,3591
10-12-2024,вт,12:51,Десктоп,25,1550
10-12-2024,вт,13:03,Десктоп,14,1220
10-12-2024,вт,13:03,Десктоп,20,2475
10-12-2024,вт,13:04,Мобильное,27,4708
10-12-2024,вт,13:15,Мобильное,30,1882
10-12-2024,вт,13:31,Десктоп,21,4192
10-12-2024,вт,13:33,Мобильное,25,4241
10-12-2024,вт,13:36,Десктоп,24,3398
10-12-2024,вт,13:40,Мобильное,28,2040
10-12-2024,вт,14:12,Мобильное,14,1351
10-12-2024,вт,14:14,Десктоп,16,968
10-12-2024,вт,15:05,Мобильное,24,2963
10-12-2024,вт,15:59,Мобильное,27,4558
10-12-2024,вт,16:21,Мобильное,28,3893
10-12-2024,вт,16:33,Мобильное,17,1342
10-12-2024,вт,17:11,Мобильное,29,1632
10-12-2024,вт,17:20,Десктоп,13,1389
10-12-2024,вт,17:56,Десктоп,19,1712
10-12-2024,вт,17:57,Десктоп,22,2592
10-12-2024,вт,17:59,Мобильное,21,4055
10-12-2024,вт,18:22,Мобильное,23,3895
10-12-2024,вт,18:42,Мобильное,29,3328
10-12-2024,вт,18:49,Десктоп,18,1477
10-12-2024,вт,19:46,Мобильное,28,3594
10-12-2024,вт,19:54,Десктоп,21,2575
10-12-2024,вт,20:39,Мобильное,23,4057
10-12-2024,вт,20:48,Мобильное,14,890
10-12-2024,вт,21:34,Десктоп,18,847
10-12-2024,вт,22:05,Десктоп,21,1710
10-12-2024,вт,22:22,Мобильное,29,2460
10-12-2024,вт,22:25,Мобильное,22,2132
10-12-2024,вт,22:46,Мобильное,28,3031
10-12-2024,вт,23:32,Мобильное,23,3102
11-12-2024,ср,00:12,Мобильное,15,867
11-12-2024,ср,00:48,Десктоп,16,1333
11-12-2024,ср,00:56,Мобильное,19,1747
11-12-2024,ср,03:26,Мобильное,29,3186
11-12-2024,ср,03:37,Мобильное,16,870
11-12-2024,ср,04:07,Мобильное,8,723
11-12-2024,ср,04:17,Десктоп,19,3223
11-12-2024,ср,05:02,Десктоп,13,1154
11-12-2024,ср,05:20,Десктоп,17,817
11-12-2024,ср,05:33,Мобильное,31,2966
11-12-2024,ср,05:54,Мобильное,28,3487
11-12-2024,ср,05:58,Мобильное,25,3889
11-12-2024,ср,06:04,Мобильное,30,4430
11-12-2024,ср,06:07,Мобильное,28,4244
11-12-2024,ср,06:53,Десктоп,19,2628
11-12-2024,ср,07:10,Десктоп,21,3764
11-12-2024,ср,07:14,Мобильное,30,3842
11-12-2024,ср,07:19,Десктоп,21,3304
11-12-2024,ср,07:27,Мобильное,23,4340
11-12-2024,ср,07:54,Мобильное,29,2564
11-12-2024,ср,08:06,Мобильное,20,4298
11-12-2024,ср,08:50,Мобильное,28,1737
11-12-2024,ср,09:04,Десктоп,21,2642
11-12-2024,ср,09:48,Мобильное,16,1390
11-12-2024,ср,10:06,Мобильное,23,4128
11-12-2024,ср,10:42,Десктоп,15,779
11-12-2024,ср,11:03,Мобильное,4,330
11-12-2024,ср,11:45,Десктоп,20,2232
11-12-2024,ср,12:11,Десктоп,15,1198
11-12-2024,ср,12:27,Десктоп,13,1438
11-12-2024,ср,13:18,Мобильное,6,128
11-12-2024,ср,13:24,Мобильное,21,1987
11-12-2024,ср,13:42,Мобильное,15,1139
11-12-2024,ср,13:55,Десктоп,24,1857
11-12-2024,ср,14:31,Мобильное,13,801
11-12-2024,ср,14:51,Мобильное,19,1692
11-12-2024,ср,15:01,Десктоп,14,786
11-12-2024,ср,16:04,Десктоп,23,3138
11-12-2024,ср,16:29,Мобильное,16,753
11-12-2024,ср,16:52,Мобильное,12,1244
11-12-2024,ср,17:32,Десктоп,17,791
11-12-2024,ср,17:53,Мобильное,19,2630
11-12-2024,ср,18:47,Десктоп,19,1819
11-12-2024,ср,19:58,Мобильное,28,4763
11-12-2024,ср,20:39,Мобильное,28,2299
11-12-2024,ср,21:43,Мобильное,27,4430
11-12-2024,ср,21:44,Десктоп,24,1855
11-12-2024,ср,22:01,Десктоп,15,1353
11-12-2024,ср,22:14,Мобильное,21,4755
11-12-2024,ср,22:15,Мобильное,18,1468
11-12-2024,ср,22:50,Десктоп,17,898
11-12-2024,ср,22:51,Десктоп,21,4887
11-12-2024,ср,23:40,Мобильное,27,4043
11-12-2024,ср,23:48,Десктоп,14,968
12-12-2024,чт,00:17,Мобильное,14,943
12-12-2024,чт,01:03,Десктоп,13,960
12-12-2024,чт,01:31,Мобильное,18,1284
12-12-2024,чт,01:34,Десктоп,13,1149
12-12-2024,чт,02:05,Десктоп,17,809
12-12-2024,чт,02:11,Мобильное,20,2771
12-12-2024,чт,02:42,Мобильное,15,997
12-12-2024,чт,02:42,Мобильное,24,2673
12-12-2024,чт,03:40,Мобильное,31,2053
12-12-2024,чт,04:07,Десктоп,11,1405
12-12-2024,чт,04:09,Десктоп,23,3581
12-12-2024,чт,04:44,Мобильное,23,4548
12-12-2024,чт,04:47,Десктоп,16,1395
12-12-2024,чт,05:45,Мобильное,12,1203
12-12-2024,чт,06:02,Мобильное,19,2827
12-12-2024,чт,06:03,Мобильное,1,609
12-12-2024,чт,06:29,Десктоп,25,1681
12-12-2024,чт,06:32,Мобильное,31,4443
12-12-2024,чт,06:59,Мобильное,18,736
12-12-2024,чт,07:23,Мобильное,16,1267
12-12-2024,чт,08:10,Десктоп,21,4536
12-12-2024,чт,08:12,Мобильное,29,3284
12-12-2024,чт,08:29,Мобильное,21,4464
12-12-2024,чт,09:05,Мобильное,25,2597
12-12-2024,чт,09:30,Мобильное,23,2727
12-12-2024,чт,10:37,Десктоп,24,4426
12-12-2024,чт,10:39,Десктоп,15,1076
12-12-2024,чт,12:16,Мобильное,14,1110
12-12-2024,чт,13:17,Мобильное,12,884
12-12-2024,чт,13:35,Мобильное,17,1333
12-12-2024,чт,13:35,Мобильное,28,4663
12-12-2024,чт,13:37,Десктоп,18,969
12-12-2024,чт,13:58,Мобильное,14,1206
12-12-2024,чт,14:03,Мобильное,11,943
12-12-2024,чт,14:32,Десктоп,18,1026
12-12-2024,чт,14:38,Десктоп,19,4086
12-12-2024,чт,14:49,Десктоп,20,1612
12-12-2024,чт,17:40,Десктоп,12,1113
12-12-2024,чт,17:40,Десктоп,22,4602
12-12-2024,чт,18:41,Десктоп,14,1410
12-12-2024,чт,19:25,Десктоп,21,2702
12-12-2024,чт,19:34,Мобильное,12,1350
12-12-2024,чт,19:46,Мобильное,28,4846
12-12-2024,чт,19:53,Десктоп,22,3294
12-12-2024,чт,20:05,Десктоп,22,3066
12-12-2024,чт,20:32,Мобильное,21,2749
12-12-2024,чт,20:41,Мобильное,16,1146
12-12-2024,чт,20:42,Мобильное,15,1098
12-12-2024,чт,22:06,Мобильное,25,2346
12-12-2024,чт,22:07,Десктоп,22,3679
12-12-2024,чт,23:25,Мобильное,13,1493
12-12-2024,чт,23:53,Десктоп,25,3196
13-12-2024,пт,00:17,Мобильное,1,484
13-12-2024,пт,00:58,Мобильное,21,2296
13-12-2024,пт,01:55,Десктоп,16,1376
13-12-2024,пт,01:57,Десктоп,21,3815
13-12-2024,пт,02:11,Десктоп,17,803
13-12-2024,пт,02:40,Десктоп,18,1127
13-12-2024,пт,02:46,Десктоп,25,4148
13-12-2024,пт,03:28,Мобильное,9,74
13-12-2024,пт,04:24,Мобильное,8,131
13-12-2024,пт,04:50,Мобильное,13,1291
13-12-2024,пт,04:53,Мобильное,19,3627
13-12-2024,пт,05:34,Десктоп,12,1079
13-12-2024,пт,05:34,Мобильное,21,3133
13-12-2024,пт,06:41,Мобильное,16,1024
13-12-2024,пт,08:22,Десктоп,8,501
13-12-2024,пт,08:39,Мобильное,19,4569
13-12-2024,пт,09:07,Мобильное,1,60
13-12-2024,пт,09:14,Мобильное,29,4178
13-12-2024,пт,09:23,Мобильное,30,3981
13-12-2024,пт,09:42,Мобильное,17,915
13-12-2024,пт,10:15,Мобильное,17,1490
13-12-2024,пт,10:30,Мобильное,13,882
13-12-2024,пт,11:22,Десктоп,23,4897
13-12-2024,пт,12:09,Мобильное,7,114
13-12-2024,пт,12:15,Десктоп,18,1099
13-12-2024,пт,12:18,Десктоп,25,4457
13-12-2024,пт,13:30,Мобильное,12,1219
13-12-2024,пт,14:01,Мобильное,28,3736
13-12-2024,пт,14:09,Мобильное,1,225
13-12-2024,пт,14:45,Десктоп,6,255
13-12-2024,пт,14:47,Десктоп,21,2146
13-12-2024,пт,14:52,Мобильное,11,1277
13-12-2024,пт,15:14,Десктоп,22,2960
13-12-2024,пт,15:27,Мобильное,5,539
13-12-2024,пт,15:45,Мобильное,20,3775
13-12-2024,пт,15:47,Десктоп,19,4028
13-12-2024,пт,15:57,Мобильное,9,667
13-12-2024,пт,16:06,Мобильное,7,343
13-12-2024,пт,16:59,Мобильное,16,790
13-12-2024,пт,18:17,Мобильное,31,4858
13-12-2024,пт,18:27,Мобильное,1,197
13-12-2024,пт,18:32,Мобильное,24,4129
13-12-2024,пт,18:55,Десктоп,19,3571
13-12-2024,пт,18:56,Мобильное,22,4188
13-12-2024,пт,19:34,Десктоп,22,2457
13-12-2024,пт,20:00,Мобильное,26,1829
13-12-2024,пт,20:14,Мобильное,1,58
13-12-2024,пт,20:48,Мобильное,27,3645
13-12-2024,пт,21:32,Мобильное,26,3570
13-12-2024,пт,21:38,Десктоп,18,1296
13-12-2024,пт,21:40,Десктоп,18,828
13-12-2024,пт,23:21,Десктоп,8,672
13-12-2024,пт,23:25,Мобильное,25,3506
13-12-2024,пт,23:36,Десктоп,24,2066
14-12-2024,сб,00:01,Десктоп,15,1063
14-12-2024,сб,00:19,Мобильное,12,1025
14-12-2024,сб,00:37,Десктоп,19,2606
14-12-2024,сб,01:07,Мобильное,1,30
14-12-2024,сб,01:28,Десктоп,20,3989
14-12-2024,сб,01:46,Мобильное,28,2410
14-12-2024,сб,02:05,Десктоп,13,1427
14-12-2024,сб,02:40,Десктоп,19,4449
14-12-2024,сб,02:56,Мобильное,12,845
14-12-2024,сб,03:13,Десктоп,19,4372
14-12-2024,сб,03:19,Мобильное,3,224
14-12-2024,сб,04:47,Десктоп,23,2528
14-12-2024,сб,04:47,Десктоп,15,859
14-12-2024,сб,04:50,Десктоп,18,1363
14-12-2024,сб,04:58,Десктоп,19,2262
14-12-2024,сб,05:11,Мобильное,15,1129
14-12-2024,сб,06:03,Мобильное,31,4048
14-12-2024,сб,06:46,Десктоп,13,843
14-12-2024,сб,06:46,Мобильное,3,302
14-12-2024,сб,07:06,Мобильное,20,4324
14-12-2024,сб,07:33,Десктоп,15,1068
14-12-2024,сб,08:44,Мобильное,29,2469
14-12-2024,сб,09:23,Мобильное,17,1031
14-12-2024,сб,09:35,Десктоп,3,434
14-12-2024,сб,09:35,Десктоп,14,746
14-12-2024,сб,09:49,Мобильное,30,3301
14-12-2024,сб,10:25,Десктоп,22,4685
14-12-2024,сб,10:41,Десктоп,20,3123
14-12-2024,сб,10:41,Десктоп,18,1260
14-12-2024,сб,10:46,Десктоп,18,1369
14-12-2024,сб,11:00,Десктоп,24,3261
14-12-2024,сб,11:09,Десктоп,17,833
14-12-2024,сб,11:32,Мобильное,30,2912
14-12-2024,сб,11:50,Мобильное,6,702
14-12-2024,сб,12:09,Мобильное,27,2668
14-12-2024,сб,12:10,Десктоп,25,2462
14-12-2024,сб,12:29,Мобильное,28,4244
14-12-2024,сб,12:36,Десктоп,13,888
14-12-2024,сб,14:19,Десктоп,13,972
14-12-2024,сб,14:19,Мобильное,24,1913
14-12-2024,сб,14:42,Мобильное,30,3124
14-12-2024,сб,14:52,Мобильное,9,407
14-12-2024,сб,14:58,Мобильное,29,2760
14-12-2024,сб,15:01,Мобильное,16,821
14-12-2024,сб,16:20,Десктоп,22,2554
14-12-2024,сб,16:44,Десктоп,19,3965
14-12-2024,сб,17:12,Мобильное,1,236
14-12-2024,сб,17:20,Десктоп,24,4242
14-12-2024,сб,17:29,Десктоп,16,1416
14-12-2024,сб,17:32,Десктоп,22,1665
14-12-2024,сб,17:39,Мобильное,1,713
14-12-2024,сб,17:53,Десктоп,1,254
14-12-2024,сб,18:25,Десктоп,24,1857
14-12-2024,сб,18:25,Мобильное,20,2940
14-12-2024,сб,18:38,Мобильное,29,4002
14-12-2024,сб,18:40,Мобильное,20,3418
14-12-2024,сб,19:52,Мобильное,30,3216
14-12-2024,сб,20:04,Мобильное,19,4407
14-12-2024,сб,20:25,Десктоп,21,4637
14-12-2024,сб,20:35,Десктоп,25,4779
14-12-2024,сб,21:12,Мобильное,9,703
14-12-2024,сб,21:23,Мобильное,22,2020
14-12-2024,сб,21:43,Мобильное,16,1080
14-12-2024,сб,21:46,Десктоп,5,262
14-12-2024,сб,22:07,Десктоп,1,330
14-12-2024,сб,22:13,Мобильное,1,363
14-12-2024,сб,23:39,Десктоп,21,2869
15-12-2024,вс,00:00,Мобильное,25,1800
15-12-2024,вс,00:17,Мобильное,22,4982
15-12-2024,вс,00:21,Десктоп,23,3432
15-12-2024,вс,00:21,Мобильное,8,208
15-12-2024,вс,01:06,Десктоп,23,4512
15-12-2024,вс,01:25,Мобильное,9,371
15-12-2024,вс,01:26,Мобильное,1,323
15-12-2024,вс,01:40,Десктоп,22,1824
15-12-2024,вс,02:24,Мобильное,25,4888
15-12-2024,вс,02:35,Мобильное,18,1295
15-12-2024,вс,02:41,Мобильное,10,750
15-12-2024,вс,02:44,Десктоп,4,609
15-12-2024,вс,03:18,Мобильное,27,1815
15-12-2024,вс,03:24,Десктоп,14,917
15-12-2024,вс,03:47,Мобильное,21,2202
15-12-2024,вс,04:10,Мобильное,16,1326
15-12-2024,вс,04:19,Мобильное,11,846
15-12-2024,вс,04:45,Мобильное,20,3486
15-12-2024,вс,04:56,Мобильное,13,1346
15-12-2024,вс,05:18,Мобильное,1,171
15-12-2024,вс,05:39,Десктоп,15,965
15-12-2024,вс,06:00,Десктоп,24,2406
15-12-2024,вс,06:27,Мобильное,28,1793
15-12-2024,вс,06:28,Десктоп,18,1323
15-12-2024,вс,06:44,Десктоп,13,1282
15-12-2024,вс,06:47,Мобильное,3,618
15-12-2024,вс,07:04,Мобильное,2,336
15-12-2024,вс,07:24,Мобильное,22,3788
15-12-2024,вс,07:27,Мобильное,12,1008
15-12-2024,вс,08:09,Десктоп,14,923
15-12-2024,вс,08:22,Мобильное,30,3153
15-12-2024,вс,08:36,Мобильное,20,2786
15-12-2024,вс,08:38,Мобильное,1,84
15-12-2024,вс,08:40,Десктоп,25,4858
15-12-2024,вс,08:50,Мобильное,27,3337
15-12-2024,вс,08:58,Десктоп,20,4176
15-12-2024,вс,09:51,Десктоп,23,4897
15-12-2024,вс,11:37,Десктоп,17,1473
15-12-2024,вс,11:40,Мобильное,27,3564
15-12-2024,вс,11:54,Мобильное,26,3516
15-12-2024,вс,12:58,Мобильное,19,4608
15-12-2024,вс,13:15,Десктоп,23,4237
15-12-2024,вс,13:46,Мобильное,20,4273
15-12-2024,вс,13:57,Десктоп,25,4772
15-12-2024,вс,15:02,Мобильное,11,1395
15-12-2024,вс,15:25,Мобильное,1,288
15-12-2024,вс,15:50,Десктоп,18,1446
15-12-2024,вс,15:53,Десктоп,20,3255
15-12-2024,вс,15:58,Десктоп,21,3964
15-12-2024,вс,16:48,Мобильное,14,740
15-12-2024,вс,17:11,Десктоп,17,1130
15-12-2024,вс,17:25,Десктоп,4,668
15-12-2024,вс,17:29,Десктоп,24,4841
15-12-2024,вс,18:37,Десктоп,14,968
15-12-2024,вс,18:40,Мобильное,26,1847
15-12-2024,вс,18:46,Мобильное,31,1698
15-12-2024,вс,19:25,Мобильное,5,241
15-12-2024,вс,19:34,Десктоп,23,4678
15-12-2024,вс,19:38,Десктоп,21,2871
15-12-2024,вс,19:45,Мобильное,19,4574
15-12-2024,вс,20:39,Мобильное,17,910
15-12-2024,вс,20:58,Мобильное,21,3560
15-12-2024,вс,21:42,Десктоп,14,880
15-12-2024,вс,21:51,Десктоп,1,571
15-12-2024,вс,22:18,Десктоп,18,1078
15-12-2024,вс,22:25,Мобильное,20,4232
15-12-2024,вс,22:27,Мобильное,11,1384
15-12-2024,вс,22:42,Десктоп,17,1087
15-12-2024,вс,22:59,Мобильное,11,976
15-12-2024,вс,23:06,Десктоп,13,824
15-12-2024,вс,23:07,Мобильное,1,404
15-12-2024,вс,23:49,Мобильное,17,751
15-12-2024,вс,23:51,Мобильное,25,3130
16-12-2024,пн,00:05,Мобильное,23,4870
16-12-2024,пн,00:48,Десктоп,16,1213
16-12-2024,пн,01:06,Десктоп,16,1103
16-12-2024,пн,01:06,Десктоп,22,1891
16-12-2024,пн,01:24,Мобильное,6,640
16-12-2024,пн,01:30,Десктоп,15,906
16-12-2024,пн,02:13,Десктоп,8,738
16-12-2024,пн,02:28,Десктоп,20,3901
16-12-2024,пн,02:32,Мобильное,5,251
16-12-2024,пн,03:41,Десктоп,1,123
16-12-2024,пн,03:50,Мобильное,15,741
16-12-2024,пн,04:35,Мобильное,26,4469
16-12-2024,пн,05:13,Мобильное,31,4256
16-12-2024,пн,06:08,Десктоп,21,3178
16-12-2024,пн,06:11,Десктоп,17,848
16-12-2024,пн,06:16,Мобильное,25,2504
16-12-2024,пн,06:44,Мобильное,11,1307
16-12-2024,пн,07:01,Мобильное,16,759
16-12-2024,пн,07:14,Мобильное,19,3919
16-12-2024,пн,07:32,Мобильное,8,498
16-12-2024,пн,07:57,Десктоп,14,815
16-12-2024,пн,08:16,Мобильное,1,421
16-12-2024,пн,08:28,Десктоп,10,189
16-12-2024,пн,08:38,Мобильное,31,3646
16-12-2024,пн,08:53,Десктоп,21,3127
16-12-2024,пн,09:22,Десктоп,19,4298
16-12-2024,пн,09:25,Мобильное,1,145
16-12-2024,пн,09:27,Мобильное,24,4018
16-12-2024,пн,09:29,Мобильное,1,269
16-12-2024,пн,10:59,Мобильное,12,1222
16-12-2024,пн,11:19,Мобильное,1,470
16-12-2024,пн,12:13,Мобильное,1,155
16-12-2024,пн,12:42,Десктоп,18,1262
16-12-2024,пн,12:46,Десктоп,3,33
16-12-2024,пн,14:09,Мобильное,24,3504
16-12-2024,пн,14:13,Десктоп,18,882
16-12-2024,пн,14:15,Десктоп,15,1159
16-12-2024,пн,14:15,Десктоп,1,518
16-12-2024,пн,14:20,Мобильное,27,3787
16-12-2024,пн,15:02,Мобильное,21,3826
16-12-2024,пн,16:00,Мобильное,14,748
16-12-2024,пн,16:06,Десктоп,5,365
16-12-2024,пн,16:12,Мобильное,22,4815
16-12-2024,пн,16:27,Десктоп,23,3551
16-12-2024,пн,16:28,Мобильное,19,3136
16-12-2024,пн,16:44,Мобильное,1,441
16-12-2024,пн,16:57,Мобильное,5,651
16-12-2024,пн,17:37,Мобильное,29,3367
16-12-2024,пн,17:49,Десктоп,16,1367
16-12-2024,пн,17:55,Десктоп,24,1767
16-12-2024,пн,18:07,Мобильное,12,1330
16-12-2024,пн,18:16,Десктоп,1,271
16-12-2024,пн,18:19,Мобильное,17,913
16-12-2024,пн,18:29,Десктоп,1,344
16-12-2024,пн,18:41,Десктоп,1,599
16-12-2024,пн,18:43,Десктоп,22,3412
16-12-2024,пн,18:59,Десктоп,15,1011
16-12-2024,пн,19:29,Десктоп,1,468
16-12-2024,пн,19:30,Мобильное,21,4174
16-12-2024,пн,20:08,Мобильное,12,1383
16-12-2024,пн,20:18,Мобильное,4,130
16-12-2024,пн,20:19,Десктоп,22,2473
16-12-2024,пн,21:27,Мобильное,24,2102
16-12-2024,пн,21:42,Мобильное,6,68
16-12-2024,пн,22:07,Десктоп,19,1839
16-12-2024,пн,22:18,Мобильное,10,641
16-12-2024,пн,22:40,Мобильное,24,4722
16-12-2024,пн,22:52,Десктоп,25,4261
16-12-2024,пн,22:53,Десктоп,1,111
16-12-2024,пн,23:09,Мобильное,26,3157
16-12-2024,пн,23:11,Десктоп,1,192
16-12-2024,пн,23:23,Мобильное,1,396
16-12-2024,пн,23:36,Мобильное,8,132
17-12-2024,вт,00:14,Мобильное,14,983
17-12-2024,вт,00:33,Десктоп,13,835
17-12-2024,вт,00:36,Мобильное,24,1841
17-12-2024,вт,00:49,Десктоп,19,2222
17-12-2024,вт,00:50,Десктоп,25,2386
17-12-2024,вт,01:05,Десктоп,17,1041
17-12-2024,вт,01:30,Десктоп,22,3700
17-12-2024,вт,01:52,Мобильное,20,4051
17-12-2024,вт,02:02,Мобильное,21,4841
17-12-2024,вт,03:13,Мобильное,14,820
17-12-2024,вт,03:34,Мобильное,30,2649
17-12-2024,вт,03:38,Мобильное,22,4826
17-12-2024,вт,04:49,Десктоп,15,1112
17-12-2024,вт,04:57,Мобильное,23,1768
17-12-2024,вт,04:59,Мобильное,16,1020
17-12-2024,вт,05:15,Десктоп,21,2912
17-12-2024,вт,05:18,Десктоп,25,4325
17-12-2024,вт,05:27,Мобильное,27,1832
17-12-2024,вт,05:38,Десктоп,16,1328
17-12-2024,вт,05:52,Мобильное,20,1964
17-12-2024,вт,06:04,Мобильное,25,4790
17-12-2024,вт,07:28,Десктоп,18,1430
17-12-2024,вт,07:32,Десктоп,16,808
17-12-2024,вт,07:35,Мобильное,27,3513
17-12-2024,вт,07:39,Десктоп,18,1367
17-12-2024,вт,07:46,Мобильное,28,3436
17-12-2024,вт,08:11,Мобильное,22,2261
17-12-2024,вт,08:30,Мобильное,30,2316
17-12-2024,вт,09:06,Мобильное,30,3247
17-12-2024,вт,09:23,Десктоп,16,1413
17-12-2024,вт,09:27,Мобильное,19,2163
17-12-2024,вт,09:34,Мобильное,19,3236
17-12-2024,вт,09:46,Мобильное,19,3627
17-12-2024,вт,09:51,Мобильное,30,2880
17-12-2024,вт,10:04,Десктоп,20,3113
17-12-2024,вт,10:09,Мобильное,12,927
17-12-2024,вт,10:30,Мобильное,19,3741
17-12-2024,вт,10:32,Десктоп,17,980
17-12-2024,вт,10:50,Десктоп,24,4650
17-12-2024,вт,10:55,Мобильное,23,2637
17-12-2024,вт,11:38,Мобильное,30,2954
17-12-2024,вт,11:40,Десктоп,18,1018
17-12-2024,вт,12:38,Десктоп,21,3407
17-12-2024,вт,12:45,Десктоп,18,1019
17-12-2024,вт,12:46,Мобильное,18,896
17-12-2024,вт,12:54,Десктоп,14,1134
17-12-2024,вт,12:58,Мобильное,16,1325
17-12-2024,вт,13:22,Десктоп,17,1456
17-12-2024,вт,13:39,Десктоп,14,1201
17-12-2024,вт,13:54,Мобильное,12,1374
17-12-2024,вт,14:04,Мобильное,27,4563
17-12-2024,вт,15:12,Десктоп,24,1627
17-12-2024,вт,15:13,Десктоп,17,1462
17-12-2024,вт,15:26,Мобильное,19,2876
17-12-2024,вт,15:27,Мобильное,14,790
17-12-2024,вт,15:46,Мобильное,15,1098
17-12-2024,вт,16:20,Десктоп,19,4831
17-12-2024,вт,16:32,Десктоп,25,3833
17-12-2024,вт,16:41,Десктоп,20,2241
17-12-2024,вт,16:53,Мобильное,26,4969
17-12-2024,вт,16:58,Десктоп,17,787
17-12-2024,вт,17:24,Мобильное,16,1484
17-12-2024,вт,17:36,Десктоп,14,860
17-12-2024,вт,17:45,Мобильное,18,946
17-12-2024,вт,17:55,Десктоп,13,1159
17-12-2024,вт,18:44,Десктоп,21,2740
17-12-2024,вт,20:12,Десктоп,22,1562
17-12-2024,вт,21:03,Десктоп,13,1300
17-12-2024,вт,23:39,Мобильное,30,3473
17-12-2024,вт,23:41,Десктоп,25,3791
18-12-2024,ср,00:01,Десктоп,25,2968
18-12-2024,ср,00:30,Мобильное,15,1210
18-12-2024,ср,00:37,Десктоп,15,770
18-12-2024,ср,01:17,Мобильное,19,3706
18-12-2024,ср,04:34,Мобильное,15,909
18-12-2024,ср,05:00,Мобильное,22,2561
18-12-2024,ср,05:02,Десктоп,13,1034
18-12-2024,ср,05:12,Десктоп,15,1224
18-12-2024,ср,05:25,Мобильное,16,1320
18-12-2024,ср,05:34,Десктоп,19,4648
18-12-2024,ср,06:06,Десктоп,19,2903
18-12-2024,ср,06:17,Мобильное,27,4943
18-12-2024,ср,06:58,Мобильное,29,3220
18-12-2024,ср,08:08,Мобильное,28,2940
18-12-2024,ср,08:21,Мобильное,17,1496
18-12-2024,ср,08:41,Десктоп,12,1281
18-12-2024,ср,09:01,Мобильное,23,2671
18-12-2024,ср,09:18,Десктоп,23,3984
18-12-2024,ср,10:10,Мобильное,19,2219
18-12-2024,ср,10:27,Мобильное,27,2450
18-12-2024,ср,10:41,Мобильное,23,3982
18-12-2024,ср,11:22,Десктоп,20,4357
18-12-2024,ср,11:33,Мобильное,23,1723
18-12-2024,ср,11:44,Десктоп,19,3121
18-12-2024,ср,11:55,Десктоп,13,731
18-12-2024,ср,12:00,Десктоп,15,870
18-12-2024,ср,12:13,Мобильное,27,3971
18-12-2024,ср,12:21,Мобильное,20,2705
18-12-2024,ср,12:28,Десктоп,15,1379
18-12-2024,ср,12:36,Десктоп,14,1123
18-12-2024,ср,12:45,Мобильное,11,954
18-12-2024,ср,14:37,Десктоп,25,3791
18-12-2024,ср,14:39,Десктоп,14,1089
18-12-2024,ср,14:58,Мобильное,18,1239
18-12-2024,ср,15:25,Десктоп,13,921
18-12-2024,ср,15:29,Мобильное,25,3553
18-12-2024,ср,16:48,Десктоп,18,1280
18-12-2024,ср,16:58,Мобильное,13,768
18-12-2024,ср,17:34,Мобильное,14,887
18-12-2024,ср,18:10,Мобильное,13,895
18-12-2024,ср,18:28,Десктоп,19,2439
18-12-2024,ср,18:33,Мобильное,28,4737
18-12-2024,ср,18:38,Мобильное,21,3743
18-12-2024,ср,18:59,Десктоп,23,3389
18-12-2024,ср,19:04,Мобильное,27,3105
18-12-2024,ср,19:44,Мобильное,19,2987
18-12-2024,ср,19:53,Десктоп,15,1001
18-12-2024,ср,20:07,Мобильное,31,3131
18-12-2024,ср,20:29,Мобильное,24,4019
18-12-2024,ср,20:37,Мобильное,27,3606
18-12-2024,ср,20:42,Десктоп,13,740
18-12-2024,ср,21:08,Десктоп,21,4567
18-12-2024,ср,21:26,Мобильное,28,4712
18-12-2024,ср,21:49,Десктоп,24,4366
18-12-2024,ср,22:02,Десктоп,20,2450
18-12-2024,ср,22:06,Мобильное,1,628
18-12-2024,ср,22:17,Мобильное,17,788
18-12-2024,ср,22:21,Десктоп,18,1278
18-12-2024,ср,22:29,Десктоп,16,1112
18-12-2024,ср,22:31,Десктоп,17,1334
18-12-2024,ср,22:36,Десктоп,14,1408
18-12-2024,ср,22:37,Десктоп,18,804
18-12-2024,ср,23:12,Мобильное,20,2767
18-12-2024,ср,23:17,Десктоп,23,4939
18-12-2024,ср,23:32,Мобильное,29,2599
18-12-2024,ср,23:57,Мобильное,20,1633
19-12-2024,чт,00:04,Мобильное,13,783
19-12-2024,чт,00:21,Мобильное,19,2887
19-12-2024,чт,00:51,Мобильное,22,2913
19-12-2024,чт,03:10,Мобильное,23,3819
19-12-2024,чт,03:17,Мобильное,28,3440
19-12-2024,чт,03:18,Мобильное,26,3512
19-12-2024,чт,03:22,Десктоп,20,4862
19-12-2024,чт,03:28,Мобильное,13,1074
19-12-2024,чт,03:41,Десктоп,24,4519
19-12-2024,чт,03:57,Мобильное,16,1440
19-12-2024,чт,04:06,Мобильное,31,2840
19-12-2024,чт,04:24,Мобильное,19,3472
19-12-2024,чт,04:28,Десктоп,15,958
19-12-2024,чт,04:34,Мобильное,20,2976
19-12-2024,чт,04:53,Десктоп,21,1643
19-12-2024,чт,04:57,Десктоп,23,4339
19-12-2024,чт,05:38,Мобильное,21,1848
19-12-2024,чт,05:42,Мобильное,12,1243
19-12-2024,чт,05:43,Мобильное,30,3483
19-12-2024,чт,06:19,Десктоп,13,948
19-12-2024,чт,06:51,Десктоп,1,689
19-12-2024,чт,07:28,Мобильное,24,4576
19-12-2024,чт,07:49,Мобильное,22,4105
19-12-2024,чт,08:45,Мобильное,27,3021
19-12-2024,чт,09:07,Мобильное,17,1226
19-12-2024,чт,09:43,Мобильное,28,4782
19-12-2024,чт,09:46,Мобильное,23,3383
19-12-2024,чт,10:42,Мобильное,29,1655
19-12-2024,чт,10:57,Десктоп,1,169
19-12-2024,чт,11:02,Мобильное,16,959
19-12-2024,чт,11:04,Мобильное,14,1206
19-12-2024,чт,11:08,Мобильное,11,840
19-12-2024,чт,11:13,Десктоп,16,945
19-12-2024,чт,11:43,Мобильное,17,1361
19-12-2024,чт,12:12,Мобильное,23,2347
19-12-2024,чт,12:33,Мобильное,27,2812
19-12-2024,чт,12:45,Мобильное,21,4281
19-12-2024,чт,12:48,Десктоп,20,1893
19-12-2024,чт,12:49,Десктоп,18,1023
19-12-2024,чт,12:53,Мобильное,24,1720
19-12-2024,чт,13:30,Десктоп,13,1347
19-12-2024,чт,14:05,Мобильное,25,3321
19-12-2024,чт,14:10,Десктоп,19,4516
19-12-2024,чт,14:13,Десктоп,14,1043
19-12-2024,чт,14:13,Десктоп,19,3884
19-12-2024,чт,14:52,Десктоп,19,2000
19-12-2024,чт,15:09,Десктоп,20,4239
19-12-2024,чт,16:04,Десктоп,20,4620
19-12-2024,чт,16:08,Мобильное,25,2801
19-12-2024,чт,16:41,Мобильное,29,4172
19-12-2024,чт,16:56,Мобильное,24,2556
19-12-2024,чт,17:00,Мобильное,22,3915
19-12-2024,чт,17:03,Мобильное,23,2189
19-12-2024,чт,17:08,Десктоп,1,333
19-12-2024,чт,17:18,Десктоп,20,4279
19-12-2024,чт,18:01,Мобильное,18,1000
19-12-2024,чт,18:07,Мобильное,18,998
19-12-2024,чт,18:20,Десктоп,25,3973
19-12-2024,чт,19:08,Десктоп,21,4884
19-12-2024,чт,19:47,Десктоп,19,3090
19-12-2024,чт,20:39,Мобильное,29,2768
19-12-2024,чт,20:55,Мобильное,29,3898
19-12-2024,чт,21:25,Десктоп,19,1734
19-12-2024,чт,21:50,Мобильное,27,3435
19-12-2024,чт,21:55,Мобильное,14,962
19-12-2024,чт,22:02,Десктоп,23,3530
19-12-2024,чт,22:06,Мобильное,24,3137
19-12-2024,чт,22:58,Мобильное,23,1980
20-12-2024,пт,00:08,Десктоп,1,605
20-12-2024,пт,00:33,Десктоп,13,1024
20-12-2024,пт,01:40,Десктоп,21,4524
20-12-2024,пт,02:25,Десктоп,21,4479
20-12-2024,пт,02:33,Десктоп,8,671
20-12-2024,пт,03:03,Десктоп,12,966
20-12-2024,пт,03:13,Десктоп,1,44
20-12-2024,пт,03:18,Мобильное,18,855
20-12-2024,пт,04:01,Десктоп,17,1278
20-12-2024,пт,04:07,Мобильное,21,2933
20-12-2024,пт,04:23,Мобильное,22,4390
20-12-2024,пт,04:26,Мобильное,17,804
20-12-2024,пт,04:33,Десктоп,12,1500
20-12-2024,пт,04:34,Мобильное,1,58
20-12-2024,пт,05:01,Мобильное,1,261
20-12-2024,пт,05:35,Мобильное,20,2241
20-12-2024,пт,05:52,Десктоп,21,4624
20-12-2024,пт,05:57,Десктоп,22,3328
20-12-2024,пт,06:00,Мобильное,19,4891
20-12-2024,пт,06:18,Мобильное,11,1477
20-12-2024,пт,06:45,Мобильное,1,607
20-12-2024,пт,06:49,Десктоп,18,983
20-12-2024,пт,07:44,Мобильное,1,199
20-12-2024,пт,07:45,Мобильное,17,1387
20-12-2024,пт,08:11,Мобильное,1,475
20-12-2024,пт,09:13,Мобильное,1,146
20-12-2024,пт,09:26,Десктоп,13,1402
20-12-2024,пт,10:32,Десктоп,19,1676
20-12-2024,пт,10:35,Мобильное,8,117
20-12-2024,пт,10:39,Мобильное,9,487
20-12-2024,пт,10:50,Мобильное,30,3376
20-12-2024,пт,10:51,Мобильное,31,2367
20-12-2024,пт,10:54,Мобильное,19,4419
20-12-2024,пт,11:52,Десктоп,25,4831
20-12-2024,пт,11:55,Десктоп,1,343
20-12-2024,пт,12:15,Мобильное,14,1115
20-12-2024,пт,12:31,Мобильное,3,302
20-12-2024,пт,13:10,Мобильное,22,2019
20-12-2024,пт,13:17,Десктоп,20,1753
20-12-2024,пт,13:47,Десктоп,1,482
20-12-2024,пт,13:55,Мобильное,13,1168
20-12-2024,пт,14:02,Десктоп,23,4245
20-12-2024,пт,14:07,Мобильное,28,2959
20-12-2024,пт,14:24,Мобильное,3,50
20-12-2024,пт,14:51,Мобильное,8,506
20-12-2024,пт,15:03,Десктоп,11,1445
20-12-2024,пт,15:16,Мобильное,14,1217
20-12-2024,пт,15:49,Мобильное,17,1452
20-12-2024,пт,16:03,Мобильное,13,852
20-12-2024,пт,16:52,Десктоп,20,3369
20-12-2024,пт,17:54,Мобильное,14,1162
20-12-2024,пт,18:05,Мобильное,2,666
20-12-2024,пт,18:35,Мобильное,14,1287
20-12-2024,пт,19:11,Десктоп,17,939
20-12-2024,пт,20:29,Десктоп,17,1049
20-12-2024,пт,20:40,Мобильное,27,4143
20-12-2024,пт,21:48,Мобильное,13,1197
20-12-2024,пт,22:02,Десктоп,1,644
20-12-2024,пт,22:24,Мобильное,1,215
20-12-2024,пт,22:59,Мобильное,19,2237
20-12-2024,пт,23:16,Мобильное,14,1369
20-12-2024,пт,23:32,Десктоп,23,3027
21-12-2024,сб,00:08,Мобильное,1,303
21-12-2024,сб,00:36,Мобильное,26,4399
21-12-2024,сб,01:27,Мобильное,24,4847
21-12-2024,сб,01:45,Десктоп,1,133
21-12-2024,сб,02:34,Десктоп,18,1456
21-12-2024,сб,02:47,Мобильное,21,3915
21-12-2024,сб,03:14,Десктоп,16,1263
21-12-2024,сб,03:23,Мобильное,12,1276
21-12-2024,сб,03:38,Десктоп,15,1396
21-12-2024,сб,04:56,Мобильное,16,895
21-12-2024,сб,05:22,Мобильное,6,427
21-12-2024,сб,05:26,Десктоп,20,4747
21-12-2024,сб,05:49,Мобильное,21,1853
21-12-2024,сб,06:11,Мобильное,30,4504
21-12-2024,сб,06:18,Мобильное,1,725
21-12-2024,сб,06:37,Мобильное,15,757
21-12-2024,сб,07:57,Десктоп,18,1098
21-12-2024,сб,08:04,Мобильное,1,267
21-12-2024,сб,08:15,Мобильное,23,2539
21-12-2024,сб,08:17,Мобильное,11,969
21-12-2024,сб,08:33,Мобильное,24,2657
21-12-2024,сб,08:44,Десктоп,19,3994
21-12-2024,сб,09:02,Десктоп,20,2061
21-12-2024,сб,09:33,Мобильное,26,3721
21-12-2024,сб,09:51,Десктоп,14,730
21-12-2024,сб,10:14,Десктоп,19,4546
21-12-2024,сб,10:58,Десктоп,23,4912
21-12-2024,сб,11:01,Мобильное,30,3209
21-12-2024,сб,11:16,Мобильное,30,4916
21-12-2024,сб,11:29,Десктоп,13,921
21-12-2024,сб,11:31,Мобильное,24,4830
21-12-2024,сб,11:43,Мобильное,20,2730
21-12-2024,сб,11:51,Десктоп,16,1407
21-12-2024,сб,11:55,Мобильное,1,731
21-12-2024,сб,12:20,Мобильное,7,263
21-12-2024,сб,12:45,Мобильное,14,1407
21-12-2024,сб,14:24,Десктоп,25,4191
21-12-2024,сб,15:42,Десктоп,18,1489
21-12-2024,сб,16:31,Десктоп,25,2375
21-12-2024,сб,16:49,Мобильное,12,966
21-12-2024,сб,17:11,Мобильное,17,771
21-12-2024,сб,17:30,Мобильное,19,4590
21-12-2024,сб,17:59,Мобильное,1,181
21-12-2024,сб,18:25,Мобильное,30,3842
21-12-2024,сб,18:27,Десктоп,22,4152
21-12-2024,сб,18:28,Десктоп,3,550
21-12-2024,сб,18:56,Мобильное,14,1068
21-12-2024,сб,20:57,Десктоп,1,222
21-12-2024,сб,20:58,Десктоп,15,1093
21-12-2024,сб,21:35,Мобильное,26,4427
21-12-2024,сб,21:59,Мобильное,5,595
21-12-2024,сб,22:05,Десктоп,24,2171
21-12-2024,сб,22:38,Десктоп,18,1245
21-12-2024,сб,23:05,Десктоп,17,1191
21-12-2024,сб,23:12,Мобильное,9,310
21-12-2024,сб,23:17,Мобильное,21,1897
21-12-2024,сб,23:31,Мобильное,1,127
22-12-2024,вс,00:03,Мобильное,11,898
22-12-2024,вс,01:05,Мобильное,1,607
22-12-2024,вс,02:36,Мобильное,13,946
22-12-2024,вс,03:12,Мобильное,14,780
22-12-2024,вс,03:40,Десктоп,17,917
22-12-2024,вс,03:42,Десктоп,15,1094
22-12-2024,вс,04:29,Мобильное,30,4641
22-12-2024,вс,04:43,Мобильное,22,4401
22-12-2024,вс,04:49,Мобильное,15,925
22-12-2024,вс,05:19,Мобильное,31,4285
22-12-2024,вс,05:52,Мобильное,30,2597
22-12-2024,вс,06:21,Мобильное,30,2294
22-12-2024,вс,06:27,Десктоп,14,751
22-12-2024,вс,07:26,Мобильное,20,4410
22-12-2024,вс,07:46,Десктоп,19,2928
22-12-2024,вс,07:54,Мобильное,1,47
22-12-2024,вс,07:57,Десктоп,6,267
22-12-2024,вс,08:14,Десктоп,14,992
22-12-2024,вс,08:14,Мобильное,15,1032
22-12-2024,вс,08:20,Мобильное,19,3645
22-12-2024,вс,08:32,Десктоп,1,316
22-12-2024,вс,10:00,Десктоп,25,2193
22-12-2024,вс,10:02,Мобильное,24,2405
22-12-2024,вс,10:21,Мобильное,11,1365
22-12-2024,вс,10:26,Мобильное,16,818
22-12-2024,вс,10:37,Мобильное,31,2164
22-12-2024,вс,11:01,Десктоп,20,1826
22-12-2024,вс,11:46,Десктоп,21,2505
22-12-2024,вс,12:02,Мобильное,16,896
22-12-2024,вс,12:29,Мобильное,28,2472
22-12-2024,вс,12:37,Десктоп,20,4931
22-12-2024,вс,12:41,Мобильное,20,4354
22-12-2024,вс,12:48,Десктоп,25,4665
22-12-2024,вс,12:54,Десктоп,15,807
22-12-2024,вс,12:57,Мобильное,26,4079
22-12-2024,вс,13:03,Десктоп,20,3138
22-12-2024,вс,13:09,Мобильное,11,1212
22-12-2024,вс,13:49,Десктоп,22,3154
22-12-2024,вс,13:56,Мобильное,1,514
22-12-2024,вс,14:17,Мобильное,24,3723
22-12-2024,вс,15:00,Десктоп,14,1085
22-12-2024,вс,15:34,Мобильное,27,4701
22-12-2024,вс,15:43,Мобильное,12,1473
22-12-2024,вс,15:50,Мобильное,13,1479
22-12-2024,вс,17:06,Мобильное,1,649
22-12-2024,вс,17:10,Мобильное,26,4551
22-12-2024,вс,17:42,Мобильное,26,1755
22-12-2024,вс,18:09,Мобильное,26,3441
22-12-2024,вс,18:12,Мобильное,18,1097
22-12-2024,вс,18:45,Десктоп,1,533
22-12-2024,вс,19:38,Мобильное,23,2132
22-12-2024,вс,19:54,Десктоп,22,1591
22-12-2024,вс,19:55,Десктоп,24,4379
22-12-2024,вс,20:13,Мобильное,16,814
22-12-2024,вс,20:16,Десктоп,16,1473
22-12-2024,вс,20:35,Мобильное,1,396
22-12-2024,вс,20:59,Мобильное,11,863
22-12-2024,вс,21:48,Мобильное,24,4508
22-12-2024,вс,21:57,Мобильное,30,4600
22-12-2024,вс,22:19,Десктоп,10,658
22-12-2024,вс,22:41,Мобильное,6,672
22-12-2024,вс,23:21,Мобильное,2,559
22-12-2024,вс,23:23,Мобильное,26,3198
23-12-2024,пн,00:16,Десктоп,19,3939
23-12-2024,пн,00:33,Мобильное,5,412
23-12-2024,пн,00:35,Мобильное,17,1176
23-12-2024,пн,00:42,Мобильное,22,4443
23-12-2024,пн,01:18,Мобильное,28,3070
23-12-2024,пн,03:12,Мобильное,1,314
23-12-2024,пн,03:18,Мобильное,18,1013
23-12-2024,пн,03:26,Десктоп,18,1034
23-12-2024,пн,03:41,Десктоп,3,744
23-12-2024,пн,04:04,Десктоп,12,1374
23-12-2024,пн,05:56,Мобильное,8,608
23-12-2024,пн,06:45,Мобильное,3,490
23-12-2024,пн,07:02,Мобильное,1,429
23-12-2024,пн,09:11,Мобильное,15,953
23-12-2024,пн,09:48,Десктоп,13,1473
23-12-2024,пн,10:29,Мобильное,1,698
23-12-2024,пн,10:43,Мобильное,16,1078
23-12-2024,пн,10:51,Десктоп,20,1752
23-12-2024,пн,10:53,Десктоп,1,237
23-12-2024,пн,11:17,Мобильное,23,2085
23-12-2024,пн,11:32,Мобильное,6,692
23-12-2024,пн,11:54,Десктоп,16,1349
23-12-2024,пн,12:24,Мобильное,19,1779
23-12-2024,пн,12:35,Мобильное,17,1189
23-12-2024,пн,12:55,Мобильное,1,426
23-12-2024,пн,13:01,Десктоп,10,638
23-12-2024,пн,13:09,Мобильное,4,276
23-12-2024,пн,13:15,Мобильное,20,3304
23-12-2024,пн,13:25,Десктоп,25,4102
23-12-2024,пн,13:34,Десктоп,12,893
23-12-2024,пн,13:44,Мобильное,14,1357
23-12-2024,пн,13:54,Мобильное,26,2166
23-12-2024,пн,14:04,Мобильное,23,4244
23-12-2024,пн,14:30,Мобильное,13,924
23-12-2024,пн,17:06,Мобильное,17,840
23-12-2024,пн,17:10,Десктоп,16,1405
23-12-2024,пн,17:47,Мобильное,31,2241
23-12-2024,пн,17:55,Десктоп,1,680
23-12-2024,пн,18:10,Мобильное,23,4970
23-12-2024,пн,19:07,Мобильное,7,262
23-12-2024,пн,19:48,Мобильное,23,2633
23-12-2024,пн,19:54,Мобильное,17,1328
23-12-2024,пн,20:33,Мобильное,1,373
23-12-2024,пн,20:44,Десктоп,13,875
23-12-2024,пн,21:02,Мобильное,25,2597
23-12-2024,пн,21:04,Мобильное,28,4798
23-12-2024,пн,21:05,Мобильное,1,106
23-12-2024,пн,21:50,Мобильное,17,1007
23-12-2024,пн,22:02,Мобильное,17,843
23-12-2024,пн,22:59,Мобильное,1,540
23-12-2024,пн,23:05,Мобильное,14,756
23-12-2024,пн,23:14,Мобильное,12,806
23-12-2024,пн,23:27,Мобильное,12,965
23-12-2024,пн,23:34,Мобильное,12,1301
23-12-2024,пн,23:53,Мобильное,7,112
24-12-2024,вт,01:15,Десктоп,16,1268
24-12-2024,вт,01:22,Мобильное,30,3825
24-12-2024,вт,02:10,Мобильное,16,1372
24-12-2024,вт,02:39,Десктоп,19,4950
24-12-2024,вт,03:53,Мобильное,30,2052
24-12-2024,вт,04:08,Мобильное,18,1231
24-12-2024,вт,04:17,Мобильное,28,1974
24-12-2024,вт,04:24,Мобильное,23,3876
24-12-2024,вт,04:32,Десктоп,25,1571
24-12-2024,вт,04:33,Мобильное,23,1911
24-12-2024,вт,04:34,Мобильное,24,2797
24-12-2024,вт,04:46,Мобильное,27,2927
24-12-2024,вт,04:57,Десктоп,18,828
24-12-2024,вт,05:17,Десктоп,23,2461
24-12-2024,вт,05:42,Мобильное,24,2422
24-12-2024,вт,05:52,Мобильное,14,949
24-12-2024,вт,06:47,Мобильное,13,873
24-12-2024,вт,07:18,Мобильное,16,975
24-12-2024,вт,07:47,Мобильное,20,1877
24-12-2024,вт,08:02,Десктоп,22,2601
24-12-2024,вт,08:15,Десктоп,15,1306
24-12-2024,вт,08:18,Десктоп,16,1359
24-12-2024,вт,08:30,Мобильное,19,1907
24-12-2024,вт,08:43,Десктоп,20,3788
24-12-2024,вт,08:49,Мобильное,27,4731
24-12-2024,вт,09:10,Мобильное,30,2500
24-12-2024,вт,09:17,Мобильное,22,2500
24-12-2024,вт,09:40,Десктоп,23,4843
24-12-2024,вт,10:09,Мобильное,29,3695
24-12-2024,вт,10:09,Мобильное,18,1396
24-12-2024,вт,10:14,Мобильное,25,1665
24-12-2024,вт,10:38,Мобильное,27,4552
24-12-2024,вт,12:04,Мобильное,13,945
24-12-2024,вт,12:22,Мобильное,1,294
24-12-2024,вт,12:31,Десктоп,15,1468
24-12-2024,вт,13:05,Мобильное,28,1927
24-12-2024,вт,13:12,Десктоп,23,4671
24-12-2024,вт,13:44,Мобильное,21,1652
24-12-2024,вт,13:44,Десктоп,14,933
24-12-2024,вт,14:08,Мобильное,20,2918
24-12-2024,вт,14:52,Мобильное,11,1115
24-12-2024,вт,14:56,Десктоп,16,1456
24-12-2024,вт,15:03,Десктоп,14,771
24-12-2024,вт,16:26,Мобильное,30,2808
24-12-2024,вт,16:30,Десктоп,19,1788
24-12-2024,вт,16:36,Мобильное,11,771
24-12-2024,вт,17:39,Мобильное,27,2734
24-12-2024,вт,17:41,Десктоп,19,3358
24-12-2024,вт,18:30,Десктоп,13,1151
24-12-2024,вт,19:09,Мобильное,17,1116
24-12-2024,вт,19:41,Десктоп,17,763
24-12-2024,вт,20:07,Мобильное,29,3281
24-12-2024,вт,20:09,Десктоп,16,799
24-12-2024,вт,20:18,Мобильное,29,4402
24-12-2024,вт,20:28,Мобильное,23,2250
24-12-2024,вт,20:48,Мобильное,21,4991
24-12-2024,вт,21:13,Десктоп,19,4548
24-12-2024,вт,21:24,Мобильное,24,3910
24-12-2024,вт,22:59,Десктоп,20,4444
24-12-2024,вт,23:58,Десктоп,16,1199
25-12-2024,ср,00:04,Мобильное,18,1329
25-12-2024,ср,00:25,Десктоп,22,1763
25-12-2024,ср,00:26,Мобильное,29,3371
25-12-2024,ср,01:42,Мобильное,11,1325
25-12-2024,ср,01:46,Мобильное,24,3000
25-12-2024,ср,01:54,Десктоп,19,4945
25-12-2024,ср,02:05,Мобильное,15,1358
25-12-2024,ср,02:33,Мобильное,7,562
25-12-2024,ср,02:39,Мобильное,24,3741
25-12-2024,ср,02:44,Мобильное,13,1456
25-12-2024,ср,03:25,Десктоп,23,4308
25-12-2024,ср,03:41,Мобильное,27,3608
25-12-2024,ср,04:18,Десктоп,17,1225
25-12-2024,ср,04:24,Мобильное,29,4908
25-12-2024,ср,04:43,Десктоп,22,4091
25-12-2024,ср,05:09,Десктоп,15,1287
25-12-2024,ср,05:38,Десктоп,13,1296
25-12-2024,ср,05:48,Мобильное,19,3477
25-12-2024,ср,06:06,Десктоп,25,4005
25-12-2024,ср,06:56,Десктоп,21,4874
25-12-2024,ср,07:09,Десктоп,25,3285
25-12-2024,ср,07:23,Мобильное,17,1136
25-12-2024,ср,07:31,Десктоп,18,798
25-12-2024,ср,08:19,Мобильное,15,1479
25-12-2024,ср,08:34,Мобильное,22,4354
25-12-2024,ср,09:50,Десктоп,18,785
25-12-2024,ср,10:03,Мобильное,14,980
25-12-2024,ср,10:07,Десктоп,23,2084
25-12-2024,ср,10:14,Мобильное,22,2146
25-12-2024,ср,10:16,Мобильное,28,1652
25-12-2024,ср,10:51,Десктоп,15,1378
25-12-2024,ср,10:56,Десктоп,22,4196
25-12-2024,ср,11:01,Мобильное,8,510
25-12-2024,ср,11:06,Мобильное,19,4905
25-12-2024,ср,12:20,Мобильное,27,2667
25-12-2024,ср,12:42,Мобильное,17,1276
25-12-2024,ср,13:09,Мобильное,30,2406
25-12-2024,ср,14:51,Мобильное,15,1064
25-12-2024,ср,14:54,Мобильное,16,818
25-12-2024,ср,14:57,Мобильное,14,1100
25-12-2024,ср,15:25,Мобильное,1,129
25-12-2024,ср,15:36,Десктоп,21,4227
25-12-2024,ср,15:39,Мобильное,14,1186
25-12-2024,ср,15:40,Мобильное,12,1246
25-12-2024,ср,16:01,Десктоп,14,1128
25-12-2024,ср,16:06,Десктоп,24,2546
25-12-2024,ср,16:07,Мобильное,31,2013
25-12-2024,ср,18:10,Десктоп,20,4937
25-12-2024,ср,18:16,Десктоп,14,1305
25-12-2024,ср,18:52,Мобильное,21,3802
25-12-2024,ср,19:54,Мобильное,13,1244
25-12-2024,ср,20:18,Десктоп,19,2664
25-12-2024,ср,20:19,Десктоп,16,1086
25-12-2024,ср,20:28,Мобильное,13,971
25-12-2024,ср,20:34,Мобильное,26,2849
25-12-2024,ср,20:51,Мобильное,20,4576
25-12-2024,ср,20:51,Мобильное,22,2995
25-12-2024,ср,21:16,Мобильное,26,4297
25-12-2024,ср,21:49,Мобильное,21,4271
25-12-2024,ср,22:15,Мобильное,22,2302
25-12-2024,ср,23:17,Мобильное,28,3885
25-12-2024,ср,23:20,Мобильное,31,1689
25-12-2024,ср,23:33,Десктоп,20,3883
25-12-2024,ср,23:35,Десктоп,22,4473
26-12-2024,чт,00:30,Мобильное,8,34
26-12-2024,чт,00:58,Мобильное,30,4350
26-12-2024,чт,01:39,Десктоп,18,1319
26-12-2024,чт,01:42,Десктоп,23,2887
26-12-2024,чт,02:06,Мобильное,18,1061
26-12-2024,чт,02:18,Десктоп,15,979
26-12-2024,чт,03:46,Мобильное,13,1100
26-12-2024,чт,04:05,Мобильное,30,3868
26-12-2024,чт,04:38,Мобильное,19,1976
26-12-2024,чт,04:52,Мобильное,29,4284
26-12-2024,чт,05:08,Десктоп,18,951
26-12-2024,чт,05:10,Мобильное,16,1397
26-12-2024,чт,05:11,Мобильное,16,1018
26-12-2024,чт,05:25,Мобильное,24,2637
26-12-2024,чт,05:56,Мобильное,29,3441
26-12-2024,чт,06:09,Мобильное,22,2780
26-12-2024,чт,06:17,Мобильное,24,4042
26-12-2024,чт,06:32,Мобильное,15,763
26-12-2024,чт,06:45,Мобильное,18,861
26-12-2024,чт,06:52,Десктоп,17,1084
26-12-2024,чт,06:55,Десктоп,17,1385
26-12-2024,чт,07:17,Мобильное,13,1243
26-12-2024,чт,07:24,Десктоп,24,2725
26-12-2024,чт,07:31,Мобильное,21,2832
26-12-2024,чт,07:44,Десктоп,16,1241
26-12-2024,чт,07:59,Мобильное,1,336
26-12-2024,чт,08:08,Десктоп,21,3393
26-12-2024,чт,08:16,Мобильное,1,33
26-12-2024,чт,08:19,Мобильное,26,3612
26-12-2024,чт,08:22,Мобильное,11,1070
26-12-2024,чт,08:23,Десктоп,16,901
26-12-2024,чт,08:43,Мобильное,1,535
26-12-2024,чт,09:15,Мобильное,21,3203
26-12-2024,чт,09:42,Десктоп,25,3534
26-12-2024,чт,10:01,Десктоп,17,907
26-12-2024,чт,10:11,Десктоп,22,3937
26-12-2024,чт,10:27,Десктоп,21,2708
26-12-2024,чт,10:31,Десктоп,19,3146
26-12-2024,чт,11:01,Десктоп,15,1297
26-12-2024,чт,11:06,Десктоп,16,1238
26-12-2024,чт,11:26,Десктоп,24,2769
26-12-2024,чт,11:33,Мобильное,31,4192
26-12-2024,чт,11:38,Мобильное,21,3559
26-12-2024,чт,11:48,Десктоп,16,1053
26-12-2024,чт,11:56,Мобильное,14,931
26-12-2024,чт,13:28,Мобильное,26,2191
26-12-2024,чт,13:36,Мобильное,24,1599
26-12-2024,чт,14:05,Мобильное,29,4511
26-12-2024,чт,14:22,Десктоп,15,1310
26-12-2024,чт,14:34,Десктоп,24,4437
26-12-2024,чт,14:45,Мобильное,18,1256
26-12-2024,чт,14:46,Мобильное,22,2740
26-12-2024,чт,15:17,Мобильное,30,2762
26-12-2024,чт,15:45,Мобильное,17,834
26-12-2024,чт,15:52,Десктоп,23,3467
26-12-2024,чт,16:04,Десктоп,23,3453
26-12-2024,чт,17:52,Мобильное,18,943
26-12-2024,чт,18:22,Мобильное,19,4995
26-12-2024,чт,18:40,Мобильное,24,3886
26-12-2024,чт,18:46,Десктоп,23,3396
26-12-2024,чт,18:46,Десктоп,25,2327
26-12-2024,чт,19:45,Десктоп,19,3065
26-12-2024,чт,21:09,Десктоп,13,1227
26-12-2024,чт,21:24,Мобильное,27,3524
26-12-2024,чт,21:35,Мобильное,13,873
26-12-2024,чт,21:48,Мобильное,31,4583
26-12-2024,чт,22:07,Мобильное,11,1320
26-12-2024,чт,22:45,Мобильное,14,826
26-12-2024,чт,23:02,Мобильное,26,2040
26-12-2024,чт,23:22,Мобильное,23,2880
26-12-2024,чт,23:23,Мобильное,22,4249
26-12-2024,чт,23:30,Мобильное,18,889
26-12-2024,чт,23:52,Десктоп,22,4563
26-12-2024,чт,23:57,Десктоп,23,4936
27-12-2024,пт,00:26,Мобильное,1,357
27-12-2024,пт,00:40,Мобильное,19,4359
27-12-2024,пт,00:46,Мобильное,11,1003
27-12-2024,пт,00:57,Мобильное,29,2332
27-12-2024,пт,01:06,Мобильное,27,4637
27-12-2024,пт,01:14,Мобильное,1,195
27-12-2024,пт,02:43,Мобильное,1,287
27-12-2024,пт,02:45,Мобильное,28,2832
27-12-2024,пт,03:06,Мобильное,22,3273
27-12-2024,пт,03:09,Мобильное,12,966
27-12-2024,пт,03:09,Мобильное,9,257
27-12-2024,пт,04:45,Мобильное,20,4980
27-12-2024,пт,04:53,Мобильное,20,3351
27-12-2024,пт,05:05,Десктоп,21,3696
27-12-2024,пт,05:11,Мобильное,12,1186
27-12-2024,пт,05:42,Мобильное,9,525
27-12-2024,пт,05:48,Десктоп,23,2726
27-12-2024,пт,06:34,Мобильное,25,3633
27-12-2024,пт,06:55,Мобильное,10,444
27-12-2024,пт,06:57,Мобильное,10,511
27-12-2024,пт,06:58,Мобильное,1,93
27-12-2024,пт,07:27,Десктоп,25,2681
27-12-2024,пт,07:46,Мобильное,30,2640
27-12-2024,пт,07:59,Мобильное,1,741
27-12-2024,пт,08:01,Мобильное,15,876
27-12-2024,пт,08:04,Десктоп,1,296
27-12-2024,пт,08:09,Десктоп,1,604
27-12-2024,пт,08:43,Десктоп,20,4526
27-12-2024,пт,09:02,Десктоп,18,1221
27-12-2024,пт,09:43,Десктоп,1,693
27-12-2024,пт,09:52,Мобильное,17,1468
27-12-2024,пт,10:44,Мобильное,26,3342
27-12-2024,пт,10:58,Десктоп,17,1492
27-12-2024,пт,11:54,Десктоп,19,2464
27-12-2024,пт,12:11,Мобильное,28,2231
27-12-2024,пт,12:25,Мобильное,26,3530
27-12-2024,пт,12:42,Десктоп,19,4588
27-12-2024,пт,13:39,Десктоп,1,118
27-12-2024,пт,14:14,Десктоп,24,2124
27-12-2024,пт,14:59,Мобильное,24,4753
27-12-2024,пт,15:25,Мобильное,30,3780
27-12-2024,пт,15:33,Десктоп,22,4415
27-12-2024,пт,16:15,Мобильное,16,1103
27-12-2024,пт,16:30,Мобильное,13,1264
27-12-2024,пт,16:53,Десктоп,1,546
27-12-2024,пт,18:27,Мобильное,13,1325
27-12-2024,пт,18:44,Мобильное,15,1396
27-12-2024,пт,18:51,Мобильное,25,2701
27-12-2024,пт,19:29,Мобильное,12,1029
27-12-2024,пт,19:37,Десктоп,25,4087
27-12-2024,пт,19:46,Мобильное,17,952
27-12-2024,пт,20:08,Мобильное,31,2603
27-12-2024,пт,20:19,Мобильное,21,3119
27-12-2024,пт,20:53,Мобильное,29,2107
27-12-2024,пт,21:00,Мобильное,21,3442
27-12-2024,пт,21:40,Мобильное,3,263
27-12-2024,пт,22:44,Мобильное,2,645
27-12-2024,пт,23:04,Мобильное,31,2781
27-12-2024,пт,23:32,Десктоп,20,3187
27-12-2024,пт,23:37,Мобильное,20,3202
28-12-2024,сб,00:10,Десктоп,1,373
28-12-2024,сб,00:13,Мобильное,1,652
28-12-2024,сб,00:15,Десктоп,24,2293
28-12-2024,сб,01:33,Мобильное,21,3374
28-12-2024,сб,02:14,Мобильное,19,2390
28-12-2024,сб,02:33,Мобильное,22,3294
28-12-2024,сб,03:59,Десктоп,18,1154
28-12-2024,сб,04:59,Мобильное,23,4785
28-12-2024,сб,05:04,Мобильное,11,1148
28-12-2024,сб,06:09,Мобильное,13,814
28-12-2024,сб,06:36,Десктоп,24,3739
28-12-2024,сб,06:42,Десктоп,1,114
28-12-2024,сб,06:44,Мобильное,10,276
28-12-2024,сб,07:00,Мобильное,8,317
28-12-2024,сб,07:36,Десктоп,13,1033
28-12-2024,сб,07:55,Мобильное,23,4691
28-12-2024,сб,07:57,Мобильное,26,2462
28-12-2024,сб,08:39,Мобильное,14,847
28-12-2024,сб,09:51,Мобильное,28,3949
28-12-2024,сб,10:08,Десктоп,21,3381
28-12-2024,сб,11:40,Мобильное,24,2774
28-12-2024,сб,12:00,Мобильное,2,340
28-12-2024,сб,12:01,Мобильное,12,747
28-12-2024,сб,12:41,Десктоп,22,1902
28-12-2024,сб,13:45,Мобильное,20,3586
28-12-2024,сб,14:16,Мобильное,1,390
28-12-2024,сб,15:11,Мобильное,27,4024
28-12-2024,сб,16:22,Мобильное,1,217
28-12-2024,сб,16:43,Мобильное,19,4737
28-12-2024,сб,17:35,Десктоп,19,3623
28-12-2024,сб,18:12,Мобильное,2,633
28-12-2024,сб,18:22,Мобильное,14,1410
28-12-2024,сб,18:43,Десктоп,17,898
28-12-2024,сб,19:00,Десктоп,17,736
28-12-2024,сб,19:03,Мобильное,7,349
28-12-2024,сб,19:20,Десктоп,13,751
28-12-2024,сб,19:46,Десктоп,20,3803
28-12-2024,сб,20:17,Мобильное,1,425
28-12-2024,сб,20:23,Мобильное,14,1087
28-12-2024,сб,21:09,Мобильное,21,2960
28-12-2024,сб,21:12,Десктоп,24,3915
28-12-2024,сб,21:23,Десктоп,6,135
28-12-2024,сб,21:29,Мобильное,30,1662
28-12-2024,сб,21:48,Десктоп,21,3914
28-12-2024,сб,22:22,Десктоп,10,334
28-12-2024,сб,23:03,Десктоп,21,4059
28-12-2024,сб,23:05,Десктоп,4,272
28-12-2024,сб,23:18,Мобильное,27,4314
28-12-2024,сб,23:42,Мобильное,18,1113
29-12-2024,вс,00:16,Мобильное,30,3968
29-12-2024,вс,00:58,Мобильное,25,4397
29-12-2024,вс,00:59,Десктоп,20,2638
29-12-2024,вс,01:04,Десктоп,14,1461
29-12-2024,вс,02:17,Мобильное,17,793
29-12-2024,вс,02:45,Десктоп,6,361
29-12-2024,вс,02:50,Мобильное,17,1058
29-12-2024,вс,03:03,Мобильное,25,4800
29-12-2024,вс,03:08,Мобильное,22,2666
29-12-2024,вс,03:19,Мобильное,14,1057
29-12-2024,вс,03:35,Мобильное,19,3387
29-12-2024,вс,03:44,Мобильное,18,851
29-12-2024,вс,04:37,Мобильное,25,2014
29-12-2024,вс,04:37,Мобильное,12,1470
29-12-2024,вс,04:47,Десктоп,24,2976
29-12-2024,вс,05:17,Десктоп,17,1096
29-12-2024,вс,05:18,Десктоп,1,96
29-12-2024,вс,05:23,Мобильное,24,2988
29-12-2024,вс,05:27,Мобильное,12,1066
29-12-2024,вс,05:36,Десктоп,11,1103
29-12-2024,вс,05:55,Мобильное,23,1930
29-12-2024,вс,06:39,Десктоп,18,963
29-12-2024,вс,06:40,Десктоп,20,2759
29-12-2024,вс,06:41,Десктоп,15,937
29-12-2024,вс,07:12,Мобильное,1,162
29-12-2024,вс,07:16,Десктоп,13,929
29-12-2024,вс,07:20,Десктоп,8,168
29-12-2024,вс,07:27,Мобильное,21,3862
29-12-2024,вс,07:42,Десктоп,21,4434
29-12-2024,вс,08:13,Десктоп,14,774
29-12-2024,вс,08:23,Десктоп,15,1139
29-12-2024,вс,08:55,Мобильное,12,1125
29-12-2024,вс,09:29,Десктоп,25,3935
29-12-2024,вс,10:03,Десктоп,22,1652
29-12-2024,вс,10:25,Десктоп,24,4653
29-12-2024,вс,10:36,Мобильное,14,1286
29-12-2024,вс,11:00,Десктоп,22,1978
29-12-2024,вс,11:08,Десктоп,22,4683
29-12-2024,вс,11:43,Мобильное,1,460
29-12-2024,вс,12:11,Десктоп,25,4563
29-12-2024,вс,12:24,Мобильное,16,750
29-12-2024,вс,12:29,Мобильное,17,1379
29-12-2024,вс,12:54,Десктоп,25,4811
29-12-2024,вс,13:37,Десктоп,21,4542
29-12-2024,вс,14:11,Мобильное,1,344
29-12-2024,вс,14:11,Мобильное,15,1058
29-12-2024,вс,14:34,Мобильное,20,4267
29-12-2024,вс,15:04,Мобильное,25,1809
29-12-2024,вс,15:08,Мобильное,31,3670
29-12-2024,вс,15:23,Мобильное,13,1006
29-12-2024,вс,16:24,Мобильное,1,668
29-12-2024,вс,16:27,Десктоп,14,1163
29-12-2024,вс,16:28,Мобильное,15,967
29-12-2024,вс,16:34,Десктоп,20,2071
29-12-2024,вс,16:36,Мобильное,10,284
29-12-2024,вс,16:55,Мобильное,30,2436
29-12-2024,вс,16:58,Мобильное,5,632
29-12-2024,вс,17:05,Мобильное,21,4430
29-12-2024,вс,17:18,Мобильное,20,4764
29-12-2024,вс,17:24,Мобильное,24,3562
29-12-2024,вс,19:01,Десктоп,1,212
29-12-2024,вс,19:11,Мобильное,15,965
29-12-2024,вс,19:19,Десктоп,16,884
29-12-2024,вс,20:51,Мобильное,12,1332
29-12-2024,вс,21:02,Десктоп,1,414
29-12-2024,вс,21:23,Десктоп,1,587
29-12-2024,вс,21:25,Мобильное,25,3059
29-12-2024,вс,21:43,Мобильное,14,1340
29-12-2024,вс,21:44,Десктоп,18,1084
29-12-2024,вс,22:23,Мобильное,16,1284
29-12-2024,вс,23:22,Мобильное,22,4458
30-12-2024,пн,00:24,Десктоп,20,3431
30-12-2024,пн,00:32,Десктоп,18,1132
30-12-2024,пн,00:43,Десктоп,12,1181
30-12-2024,пн,00:45,Десктоп,1,318
30-12-2024,пн,00:56,Мобильное,25,4916
30-12-2024,пн,01:08,Мобильное,24,2113
30-12-2024,пн,02:16,Мобильное,27,2557
30-12-2024,пн,02:35,Десктоп,22,1953
30-12-2024,пн,02:35,Мобильное,1,466
30-12-2024,пн,03:23,Десктоп,16,1207
30-12-2024,пн,03:59,Мобильное,30,3996
30-12-2024,пн,04:40,Мобильное,15,1162
30-12-2024,пн,05:00,Десктоп,1,666
30-12-2024,пн,05:06,Мобильное,27,3170
30-12-2024,пн,05:13,Десктоп,1,646
30-12-2024,пн,05:36,Мобильное,26,4818
30-12-2024,пн,07:10,Мобильное,20,1666
30-12-2024,пн,08:13,Мобильное,3,401
30-12-2024,пн,09:25,Мобильное,4,280
30-12-2024,пн,10:09,Мобильное,20,3982
30-12-2024,пн,10:23,Десктоп,25,4464
30-12-2024,пн,11:08,Мобильное,31,3582
30-12-2024,пн,11:47,Мобильное,16,1084
30-12-2024,пн,12:18,Десктоп,20,2177
30-12-2024,пн,12:52,Мобильное,29,4347
30-12-2024,пн,13:01,Десктоп,13,806
30-12-2024,пн,13:04,Мобильное,3,260
30-12-2024,пн,13:08,Десктоп,19,4862
30-12-2024,пн,13:15,Мобильное,29,1979
30-12-2024,пн,13:51,Мобильное,1,506
30-12-2024,пн,14:00,Мобильное,31,2587
30-12-2024,пн,16:36,Мобильное,1,609
30-12-2024,пн,17:23,Мобильное,17,1440
30-12-2024,пн,17:27,Десктоп,12,1200
30-12-2024,пн,17:32,Мобильное,13,1119
30-12-2024,пн,17:37,Десктоп,14,843
30-12-2024,пн,18:16,Мобильное,27,3591
30-12-2024,пн,18:30,Мобильное,1,650
30-12-2024,пн,18:47,Мобильное,20,2573
30-12-2024,пн,19:36,Мобильное,13,910
30-12-2024,пн,20:07,Мобильное,29,2306
30-12-2024,пн,20:44,Мобильное,26,1571
30-12-2024,пн,21:49,Десктоп,17,1457
30-12-2024,пн,22:00,Десктоп,24,3147
30-12-2024,пн,22:17,Мобильное,1,264
30-12-2024,пн,22:27,Мобильное,30,1697
30-12-2024,пн,22:44,Мобильное,22,4725
30-12-2024,пн,23:02,Десктоп,1,394
30-12-2024,пн,23:06,Десктоп,17,824
30-12-2024,пн,23:27,Мобильное,13,1021
30-12-2024,пн,23:50,Мобильное,14,1190
31-12-2024,вт,00:53,Десктоп,19,4123
31-12-2024,вт,00:54,Мобильное,30,2344
31-12-2024,вт,01:26,Мобильное,20,1802
31-12-2024,вт,01:29,Мобильное,23,2832
31-12-2024,вт,01:34,Мобильное,1,159
31-12-2024,вт,01:43,Десктоп,20,3091
31-12-2024,вт,03:04,Десктоп,23,2785
31-12-2024,вт,03:07,Мобильное,11,916
31-12-2024,вт,03:07,Мобильное,16,907
31-12-2024,вт,03:38,Десктоп,17,1448
31-12-2024,вт,04:02,Мобильное,14,919
31-12-2024,вт,04:15,Десктоп,21,1924
31-12-2024,вт,04:48,Десктоп,24,3030
31-12-2024,вт,04:56,Мобильное,18,1302
31-12-2024,вт,05:05,Мобильное,11,855
31-12-2024,вт,05:06,Мобильное,12,1400
31-12-2024,вт,07:03,Мобильное,15,1368
31-12-2024,вт,07:20,Десктоп,15,1023
31-12-2024,вт,07:55,Десктоп,18,827
31-12-2024,вт,10:11,Мобильное,21,3264
31-12-2024,вт,10:30,Десктоп,1,615
31-12-2024,вт,11:19,Мобильное,18,774
31-12-2024,вт,11:31,Мобильное,28,4991
31-12-2024,вт,11:57,Мобильное,19,1765
31-12-2024,вт,12:14,Десктоп,17,1438
31-12-2024,вт,12:15,Мобильное,26,1821
31-12-2024,вт,12:42,Мобильное,14,891
31-12-2024,вт,13:36,Мобильное,11,1389
31-12-2024,вт,13:55,Десктоп,13,1123
31-12-2024,вт,14:39,Десктоп,15,1059
31-12-2024,вт,15:02,Десктоп,15,1427
31-12-2024,вт,15:19,Мобильное,20,2500
31-12-2024,вт,15:48,Мобильное,11,797
31-12-2024,вт,15:48,Мобильное,15,1294
31-12-2024,вт,16:19,Десктоп,16,1339
31-12-2024,вт,16:20,Мобильное,13,1059
31-12-2024,вт,17:55,Мобильное,27,4025
31-12-2024,вт,18:40,Мобильное,22,2950
31-12-2024,вт,19:18,Мобильное,30,1648
31-12-2024,вт,19:42,Мобильное,22,3026
31-12-2024,вт,20:20,Мобильное,13,783
31-12-2024,вт,20:55,Десктоп,21,4321
31-12-2024,вт,21:11,Мобильное,27,1974
31-12-2024,вт,21:17,Десктоп,13,1140
31-12-2024,вт,21:40,Мобильное,20,3673
31-12-2024,вт,22:41,Десктоп,21,4420
31-12-2024,вт,23:03,Мобильное,24,2877
31-12-2024,вт,23:15,Десктоп,15,1145
31-12-2024,вт,23:30,Мобильное,23,2474
31-12-2024,вт,23:43,Мобильное,15,1241
31-12-2024,вт,23:59,Мобильное,12,1368
